date,always_on_equity,vix_gated_equity
2020-01-01,10000.0,10000.0
2020-01-02,10044.873500823975,10000.0
2020-01-03,10020.391536712646,9975.518035888672
2020-01-06,10018.760372161865,9973.88687133789
2020-01-07,9984.487224578857,9939.613723754883
2020-01-08,9992.64686203003,9947.773361206055
2020-01-09,10073.433757781982,10028.560256958008
2020-01-10,10088.938594818115,10044.06509399414
2020-01-13,10137.900615692139,10093.027114868164
2020-01-14,10127.291561126709,10082.418060302734
2020-01-15,10184.414363861084,10139.54086303711
2020-01-16,10194.20707321167,10149.333572387695
2020-01-17,10203.99940109253,10159.125900268555
2020-01-20,5557.523418426514,5512.649917602539
2020-01-21,10222.76809310913,10177.894592285156
2020-01-22,10258.6735496521,10213.800048828125
2020-01-23,10276.625896453857,10231.752395629883
2020-01-24,10264.386058807373,10219.512557983398
2020-01-27,10248.064113616943,10250.096019744873
2020-01-28,10209.71114730835,10211.74305343628
2020-01-29,10209.71114730835,10211.74305343628
2020-01-30,10360.676265716553,10362.708171844482
2020-01-31,10323.139644622803,10325.171550750732
2020-02-03,10337.828517913818,10339.860424041748
2020-02-04,10359.045482635498,10361.077388763428
2020-02-05,10359.860683441162,10361.892589569092
2020-02-06,10371.285320281982,10373.317226409912
2020-02-07,10387.606121063232,10389.638027191162
2020-02-10,10433.30390548706,10435.33581161499
2020-02-11,10420.247722625732,10422.279628753662
2020-02-12,10405.558849334717,10407.590755462646
2020-02-13,10421.879650115967,10423.911556243896
2020-02-14,10449.624324798584,10451.656230926514
2020-02-17,5557.523418426514,5559.555324554443
2020-02-18,10415.350414276123,10417.382320404053
2020-02-19,10434.936595916748,10436.968502044678
2020-02-20,10430.85486984253,10432.886775970459
2020-02-21,10464.31205368042,10466.34395980835
2020-02-24,10343.541027069092,10345.572933197021
2020-02-25,10275.809551239014,10277.841457366943
2020-02-26,10257.857204437256,10259.889110565186
2020-02-27,10039.976955413818,10042.008861541748
2020-02-28,9922.46863937378,9924.500545501709
2020-03-02,10120.763469696045,10122.795375823975
2020-03-03,10132.188488006592,10134.220394134521
2020-03-04,10365.572811126709,10367.604717254639
2020-03-05,10187.678218841553,10189.710124969482
2020-03-06,10066.905284881592,10068.937191009521
2020-03-09,9789.45624923706,9791.48815536499
2020-03-10,9936.34231185913,9938.37421798706
2020-03-11,9818.016506195068,9820.048412322998
2020-03-12,9405.920482635498,9407.952388763428
2020-03-13,9547.509075164795,9549.540981292725
2020-03-16,9283.266521453857,9285.298427581787
2020-03-17,9441.318965911865,9443.350872039795
2020-03-18,9249.516368865967,9251.548274993896
2020-03-19,9000.915218353271,9002.947124481201
2020-03-20,8710.329891204834,8712.361797332764
2020-03-23,8649.412799835205,8651.444705963135
2020-03-24,8804.995418548584,8807.027324676514
2020-03-25,8982.80341720581,8984.83532333374
2020-03-26,9203.418041229248,9205.449947357178
2020-03-27,9081.58614730835,9083.61805343628
2020-03-30,9261.864543914795,9263.896450042725
2020-03-31,9200.125576019287,9202.157482147217
2020-04-01,9059.45985031128,9061.491756439209
2020-04-02,9210.10224533081,9212.13415145874
2020-04-03,9200.224086761475,9202.255992889404
2020-04-06,9434.008953094482,9436.040859222412
2020-04-07,9420.837184906006,9422.869091033936
2020-04-08,9528.674861907959,9530.706768035889
2020-04-09,9625.811931610107,9627.843837738037
2020-04-10,5592.196056365967,5594.2279624938965
2020-04-13,9455.411312103271,9457.443218231201
2020-04-14,9619.226238250732,9621.258144378662
2020-04-15,9511.388942718506,9513.420848846436
2020-04-16,9469.404766082764,9471.436672210693
2020-04-17,9548.431941986084,9550.463848114014
2020-04-20,9422.483989715576,9424.515895843506
2020-04-21,9327.818462371826,9329.850368499756
2020-04-22,9352.513286590576,9354.545192718506
2020-04-23,9302.298900604248,9304.330806732178
2020-04-24,9331.934520721436,9333.966426849365
2020-04-27,9443.063137054443,9445.095043182373
2020-04-28,9439.771816253662,9441.803722381592
2020-04-29,9471.052333831787,9473.084239959717
2020-04-30,9369.799587249756,9371.831493377686
2020-05-01,9383.464908599854,9385.496814727783
2020-05-04,9345.598697662354,9347.630603790283
2020-05-05,9367.00143814087,9369.033344268799
2020-05-06,9313.494205474854,9315.526111602783
2020-05-07,9301.146411895752,9303.178318023682
2020-05-08,9425.44755935669,9427.47946548462
2020-05-11,9378.526782989502,9380.558689117432
2020-05-12,9319.256687164307,9321.288593292236
2020-05-13,9246.815967559814,9248.847873687744
2020-05-14,9227.06003189087,9229.091938018799
2020-05-15,9190.838718414307,9192.870624542236
2020-05-18,9331.604480743408,9333.636386871338
2020-05-19,9296.207904815674,9298.239810943604
2020-05-20,9407.336902618408,9409.368808746338
2020-05-21,9348.067569732666,9350.099475860596
2020-05-22,9336.54375076294,9338.57565689087
2020-05-25,5629.733371734619,5631.765277862549
2020-05-26,9423.801136016846,9425.833042144775
2020-05-27,9476.485919952393,9478.517826080322
2020-05-28,9506.1203956604,9508.15230178833
2020-05-29,9472.368717193604,9474.400623321533
2020-06-01,9536.570213317871,9538.6021194458
2020-06-02,9529.161308288574,9531.193214416504
2020-06-03,9611.478660583496,9613.510566711426
2020-06-04,9613.126609802246,9615.158515930176
2020-06-05,9709.439323425293,9711.471229553223
2020-06-08,9772.00074005127,9774.0326461792
2020-06-09,9702.030799865723,9704.062705993652
2020-06-10,9670.748756408691,9672.780662536621
2020-06-11,9417.208335876465,9419.240242004395
2020-06-12,9456.248710632324,9458.280616760254
2020-06-15,9514.395378112793,9516.427284240723
2020-06-16,9553.436897277832,9555.468803405762
2020-06-17,9537.654731750488,9539.686637878418
2020-06-18,9571.711967468262,9573.743873596191
2020-06-19,9491.136405944824,9493.168312072754
2020-06-22,9467.878959655762,9469.910865783691
2020-06-23,9459.57283782959,9461.60474395752
2020-06-24,9377.334831237793,9379.366737365723
2020-06-25,9400.594184875488,9402.626091003418
2020-06-26,9287.623832702637,9289.655738830566
2020-06-29,9353.24616241455,9355.27806854248
2020-06-30,9379.826972961426,9381.858879089355
2020-07-01,9428.687259674072,9430.719165802002
2020-07-02,9433.671161651611,9435.703067779541
2020-07-03,5705.645343780518,5707.677249908447
2020-07-06,9462.744876861572,9464.776782989502
2020-07-07,9461.083576202393,9463.115482330322
2020-07-08,9449.454471588135,9451.486377716064
2020-07-09,9353.096744537354,9355.128650665283
2020-07-10,9456.099674224854,9458.131580352783
2020-07-13,9464.405796051025,9466.437702178955
2020-07-14,9515.907642364502,9517.939548492432
2020-07-15,9559.93306350708,9561.96496963501
2020-07-16,9539.165851593018,9541.197757720947
2020-07-17,9594.820377349854,9596.852283477783
2020-07-20,9536.674091339111,9538.705997467041
2020-07-21,9626.38585281372,9628.41775894165
2020-07-22,9732.711002349854,9734.742908477783
2020-07-23,9716.09761428833,9718.12952041626
2020-07-24,9733.541843414307,9735.573749542236
2020-07-27,9732.711002349854,9734.742908477783
2020-07-28,9707.790729522705,9709.822635650635
2020-07-29,9694.499942779541,9696.53184890747
2020-07-30,9667.088291168213,9669.120197296143
2020-07-31,9629.708835601807,9631.740741729736
2020-08-03,9551.625797271729,9553.657703399658
2020-08-04,9584.02096939087,9586.052875518799
2020-08-05,9628.04829788208,9630.08020401001
2020-08-06,9649.644062042236,9651.675968170166
2020-08-07,9676.226016998291,9678.25792312622
2020-08-10,9669.579669952393,9671.611576080322
2020-08-11,9687.024280548096,9689.056186676025
2020-08-12,9728.558322906494,9730.590229034424
2020-08-13,9724.403736114502,9726.435642242432
2020-08-14,9730.219623565674,9732.251529693604
2020-08-17,9710.283634185791,9712.31554031372
2020-08-18,9727.727481842041,9729.75938796997
2020-08-19,9640.507099151611,9642.539005279541
2020-08-20,9638.845417022705,9640.877323150635
2020-08-21,9633.03105545044,9635.06296157837
2020-08-24,9690.347263336182,9692.379169464111
2020-08-25,9685.362979888916,9687.394886016846
2020-08-26,9706.130191802979,9708.162097930908
2020-08-27,9711.94493484497,9713.9768409729
2020-08-28,9844.850894927979,9846.882801055908
2020-08-31,9819.931003570557,9821.962909698486
2020-09-01,9826.675666809082,9787.905292510986
2020-09-02,9998.623146057129,9959.852771759033
2020-09-03,9939.646018981934,9942.807628631592
2020-09-04,9986.163581848145,9989.325191497803
2020-09-07,5746.447624206543,5749.609233856201
2020-09-08,9883.993019104004,9887.154628753662
2020-09-09,9915.556968688965,9918.718578338623
2020-09-10,9899.774421691895,9902.936031341553
2020-09-11,9987.824501037598,9990.986110687256
2020-09-14,9992.849220275879,9996.010829925537
2020-09-15,10021.319831848145,10024.481441497803
2020-09-16,9999.548210144043,10002.709819793701
2020-09-17,9979.452003479004,9982.613613128662
2020-09-18,9971.07721710205,9974.238826751709
2020-09-21,9857.192481994629,9860.354091644287
2020-09-22,9904.924263000488,9908.085872650146
2020-09-23,9783.502449035645,9786.664058685303
2020-09-24,9824.53409576416,9827.695705413818
2020-09-25,9826.209129333496,9829.370738983154
2020-09-28,9873.102821350098,9876.264430999756
2020-09-29,9842.956413269043,9846.118022918701
2020-09-30,9880.639518737793,9883.801128387451
2020-10-01,9905.911609649658,9867.890407562256
2020-10-02,9920.984241485596,9882.963039398193
2020-10-05,9922.658893585205,9884.637691497803
2020-10-06,9885.813877105713,9847.79267501831
2020-10-07,9937.732288360596,9899.711086273193
2020-10-08,10013.097354888916,9975.076152801514
2020-10-09,10042.405292510986,10004.384090423584
2020-10-12,10065.852710723877,10027.831508636475
2020-10-13,9992.99962234497,9954.978420257568
2020-10-14,9984.62674331665,9946.605541229248
2020-10-15,9973.739978790283,9935.71877670288
2020-10-16,9977.089282989502,9939.0680809021
2020-10-19,9942.75548171997,9904.734279632568
2020-10-20,9995.511981964111,9957.490779876709
2020-10-21,9973.739978790283,9935.71877670288
2020-10-22,10031.519290924072,9993.49808883667
2020-10-23,10018.121311187744,9980.100109100342
2020-10-26,9957.828876495361,9961.509658813477
2020-10-27,9966.204044342041,9969.884826660156
2020-10-28,9803.750965118408,9807.431747436523
2020-10-29,9808.773777008057,9812.454559326172
2020-10-30,9812.123081207275,9815.80386352539
2020-11-02,9859.01753616333,9862.698318481445
2020-11-03,9920.147678375244,9923.82846069336
2020-11-04,9905.074283599854,9908.755065917969
2020-11-05,9927.683612823486,9931.364395141602
2020-11-06,9928.520557403564,9932.20133972168
2020-11-09,10189.786502838135,10193.46728515625
2020-11-10,10307.858249664307,10311.539031982422
2020-11-11,10274.362537384033,10278.043319702148
2020-11-12,10226.6311378479,10230.311920166016
2020-11-13,10263.477298736572,10267.158081054688
2020-11-16,10296.972248077393,10300.653030395508
2020-11-17,10282.736560821533,10286.417343139648
2020-11-18,10193.134662628174,10196.815444946289
2020-11-19,10236.680194854736,10240.360977172852
2020-11-20,10198.160144805908,10201.840927124023
2020-11-23,10198.997470855713,10202.678253173828
2020-11-24,10244.217273712158,10247.898056030273
2020-11-25,10219.93176651001,10223.612548828125
2020-11-26,5787.6304359436035,5791.311218261719
2020-11-27,10200.672885894775,10204.35366821289
2020-11-30,10142.439624786377,10146.120407104492
2020-12-01,10223.493999481201,10183.255340576172
2020-12-02,10229.401439666748,10189.162780761719
2020-12-03,10285.946697235107,10245.708038330078
2020-12-04,10376.249355316162,10336.010696411133
2020-12-07,10303.669017791748,10263.430358886719
2020-12-08,10319.704097747803,10279.465438842773
2020-12-09,10332.363552093506,10292.124893188477
2020-12-10,10308.733028411865,10268.494369506836
2020-12-11,10334.050411224365,10293.811752319336
2020-12-14,10327.300304412842,10287.061645507812
2020-12-15,10375.404781341553,10335.166122436523
2020-12-16,10309.576839447021,10269.338180541992
2020-12-17,10327.300304412842,10287.061645507812
2020-12-18,10366.965908050537,10326.727249145508
2020-12-21,10288.478511810303,10248.239852905273
2020-12-22,10284.257930755615,10244.019271850586
2020-12-23,10311.265224456787,10271.026565551758
2020-12-24,10341.646617889404,10301.407958984375
2020-12-25,5831.549877166748,5791.311218261719
2020-12-28,10402.412075042725,10362.173416137695
2020-12-29,10399.879497528076,10359.640838623047
2020-12-30,10426.042598724365,10385.803939819336
2020-12-31,10459.800380706787,10419.561721801758
2021-01-01,5831.549877166748,5791.311218261719
2021-01-04,10328.785011291504,10244.019271850586
2021-01-05,10279.835960388184,10195.070220947266
2021-01-06,10139.73853302002,10054.972793579102
2021-01-07,10092.478248596191,10007.712509155273
2021-01-08,10187.000343322754,10102.234603881836
2021-01-11,10112.7320022583,10027.966262817383
2021-01-12,10105.137321472168,10020.37158203125
2021-01-13,10109.355995178223,10024.590255737305
2021-01-14,10030.868598937988,9946.10285949707
2021-01-15,9986.138984680176,9901.373245239258
2021-01-18,5876.076957702637,5791.311218261719
2021-01-19,9970.103523254395,9885.337783813477
2021-01-20,9984.451362609863,9899.685623168945
2021-01-21,10007.2388381958,9922.473098754883
2021-01-22,9968.416282653809,9883.65054321289
2021-01-25,9992.890235900879,9908.124496459961
2021-01-26,10035.932609558105,9951.166870117188
2021-01-27,9971.791145324707,9927.98254776001
2021-01-28,10024.117729187012,9980.309131622314
2021-01-29,9939.72174835205,9895.913150787354
2021-02-01,10008.487041473389,9923.763492584229
2021-02-02,10048.99645614624,9964.27290725708
2021-02-03,10032.962520599365,9948.238971710205
2021-02-04,10053.216274261475,9968.492725372314
2021-02-05,10107.230480194092,10022.506931304932
2021-02-08,10130.017192840576,10045.293643951416
2021-02-09,10111.449535369873,10026.725986480713
2021-02-10,10103.009899139404,10018.286350250244
2021-02-11,10162.087352752686,10077.363803863525
2021-02-12,10195.002086639404,10110.278537750244
2021-02-15,5916.9919090271,5832.268360137939
2021-02-16,10159.55553817749,10074.83198928833
2021-02-17,10147.739894866943,10063.016345977783
2021-02-18,10201.753337860107,10117.029788970947
2021-02-19,10146.05227279663,10061.32872390747
2021-02-22,10189.938076019287,10105.214527130127
2021-02-23,10182.341106414795,10097.617557525635
2021-02-24,10196.688564300537,10111.965015411377
2021-02-25,10151.115901947021,10066.392353057861
2021-02-26,10051.528652191162,9966.805103302002
2021-03-01,10170.442947387695,10043.606021881104
2021-03-02,10187.321838378906,10060.484912872314
2021-03-03,10177.193817138672,10050.35689163208
2021-03-04,10173.816665649414,10046.979740142822
2021-03-05,10245.553955078125,10118.717029571533
2021-03-08,10317.290100097656,10190.453174591064
2021-03-09,10251.461776733398,10124.624851226807
2021-03-10,10300.410446166992,10173.5735206604
2021-03-11,10253.149780273438,10126.312854766846
2021-03-12,10244.639953613281,10117.80302810669
2021-03-15,10301.655563354492,10174.8186378479
2021-03-16,10317.82453918457,10190.987613677979
2021-03-17,10319.525894165039,10192.688968658447
2021-03-18,10262.510284423828,10135.673358917236
2021-03-19,10282.933792114258,10156.096866607666
2021-03-22,10299.102005004883,10172.265079498291
2021-03-23,10332.291778564453,10205.454853057861
2021-03-24,10343.354019165039,10216.517093658447
2021-03-25,10385.902389526367,10259.065464019775
2021-03-26,10472.702392578125,10345.865467071533
2021-03-29,10541.632064819336,10414.795139312744
2021-03-30,10482.062896728516,10355.225971221924
2021-03-31,10444.619354248047,10317.782428741455
2021-04-01,10472.285415649414,10300.763538360596
2021-04-02,6003.790237426758,5832.268360137939
2021-04-05,10497.81527709961,10326.293399810791
2021-04-06,10530.152465820312,10358.630588531494
2021-04-07,10537.811233520508,10366.28935623169
2021-04-08,10524.194290161133,10352.672412872314
2021-04-09,10529.301025390625,10357.779148101807
2021-04-12,10543.767501831055,10372.245624542236
2021-04-13,10521.641876220703,10350.119998931885
2021-04-14,10520.791961669922,10349.270084381104
2021-04-15,10542.066146850586,10370.544269561768
2021-04-16,10571.850158691406,10400.328281402588
2021-04-19,10599.08137512207,10427.559497833252
2021-04-20,10613.548233032227,10442.026355743408
2021-04-21,10650.991394042969,10479.46951675415
2021-04-22,10636.524917602539,10465.00304031372
2021-04-23,10639.077713012695,10467.555835723877
2021-04-26,10570.148422241211,10398.626544952393
2021-04-27,10563.339950561523,10391.818073272705
2021-04-28,10564.191390991211,10392.669513702393
2021-04-29,10621.207382202148,10449.68550491333
2021-04-30,10597.380020141602,10425.858142852783
2021-05-03,10639.92839050293,10468.406513214111
2021-05-04,10610.99543762207,10439.473560333252
2021-05-05,10599.08137512207,10427.559497833252
2021-05-06,10645.035125732422,10473.513248443604
2021-05-07,10642.482711791992,10470.960834503174
2021-05-10,10676.521255493164,10504.999378204346
2021-05-11,10626.312210083008,10454.79033279419
2021-05-12,10602.484085083008,10476.949146270752
2021-05-13,10642.482711791992,10516.947772979736
2021-05-14,10661.202194213867,10535.667255401611
2021-05-17,10653.544570922852,10528.009632110596
2021-05-18,10628.015090942383,10502.480152130127
2021-05-19,10613.548233032227,10488.01329421997
2021-05-20,10654.395629882812,10528.860691070557
2021-05-21,10651.841690063477,10526.30675125122
2021-05-24,10667.15998840332,10541.625049591064
2021-05-25,10666.309310913086,10540.77437210083
2021-05-26,10686.732437133789,10561.197498321533
2021-05-27,10725.878479003906,10600.34354019165
2021-05-28,10708.857299804688,10583.322360992432
2021-05-31,6003.790237426758,5878.255298614502
2021-06-01,10755.048400878906,10582.47130203247
2021-06-02,10773.770935058594,10601.193836212158
2021-06-03,10785.68423461914,10613.107135772705
2021-06-04,10836.742813110352,10664.165714263916
2021-06-07,10819.723922729492,10647.146823883057
2021-06-08,10786.536056518555,10613.95895767212
2021-06-09,10772.067291259766,10599.49019241333
2021-06-10,10808.66130065918,10636.084201812744
2021-06-11,10829.935485839844,10657.358386993408
2021-06-14,10813.644821166992,10641.067722320557
2021-06-15,10801.641494750977,10629.064395904541
2021-06-16,10738.194305419922,10565.617206573486
2021-06-17,10762.202102661133,10589.625003814697
2021-06-18,10661.029846191406,10488.45274734497
2021-06-21,10711.615020751953,10539.037921905518
2021-06-22,10728.763229370117,10556.186130523682
2021-06-23,10691.037780761719,10518.460681915283
2021-06-24,10714.187271118164,10541.610172271729
2021-06-25,10708.18637084961,10535.609272003174
2021-06-28,10703.041488647461,10530.464389801025
2021-06-29,10668.74545288086,10496.168354034424
2021-06-30,10690.180618286133,10517.603519439697
2021-07-01,10723.58423614502,10504.742267608643
2021-07-02,10742.447532653809,10523.605564117432
2021-07-05,6097.097267150879,5878.255298614502
2021-07-06,10716.724266052246,10497.88229751587
2021-07-07,10754.45124053955,10535.609272003174
2021-07-08,10738.160194396973,10519.318225860596
2021-07-09,10766.454566955566,10547.61259841919
2021-07-12,10768.168891906738,10549.326923370361
2021-07-13,10814.467491149902,10595.625522613525
2021-07-14,10920.78539276123,10701.943424224854
2021-07-15,10936.216987609863,10717.375019073486
2021-07-16,10932.788719177246,10713.94675064087
2021-07-19,10875.342430114746,10656.50046157837
2021-07-20,10883.917106628418,10665.075138092041
2021-07-21,10945.649589538574,10726.807621002197
2021-07-22,10938.790382385254,10719.948413848877
2021-07-23,10985.088981628418,10766.247013092041
2021-07-26,10989.377082824707,10770.53511428833
2021-07-27,11006.524147033691,10787.682178497314
2021-07-28,10961.9398727417,10743.097904205322
2021-07-29,10988.517631530762,10769.675662994385
2021-07-30,10986.803688049316,10767.96171951294
2021-08-02,10973.942436218262,10755.100467681885
2021-08-03,10977.372230529785,10758.530261993408
2021-08-04,10907.06697845459,10688.225009918213
2021-08-05,10941.361869812012,10722.519901275635
2021-08-06,10953.365196228027,10734.52322769165
2021-08-09,10954.223121643066,10735.38115310669
2021-08-10,10967.083610534668,10748.241641998291
2021-08-11,10961.08194732666,10742.239978790283
2021-08-12,10970.513786315918,10751.671817779541
2021-08-13,11003.951133728027,10785.10916519165
2021-08-16,11025.385536193848,10806.54356765747
2021-08-17,11008.23885345459,10789.396884918213
2021-08-18,10941.361869812012,10722.519901275635
2021-08-19,10972.228492736816,10753.38652420044
2021-08-20,10953.365196228027,10734.52322769165
2021-08-23,10936.216987609863,10717.375019073486
2021-08-24,10899.350227355957,10680.50825881958
2021-08-25,10904.494346618652,10685.652378082275
2021-08-26,10859.052909851074,10640.210941314697
2021-08-27,10868.483222961426,10649.641254425049
2021-08-30,10913.925422668457,10695.08345413208
2021-08-31,10925.070823669434,10706.228855133057
2021-09-01,11006.25770187378,10738.81018447876
2021-09-02,11013.1169090271,10745.66939163208
2021-09-03,11009.687496185303,10742.239978790283
2021-09-06,6145.7028160095215,5878.255298614502
2021-09-07,10918.80424118042,10651.3567237854
2021-09-08,10983.10744857788,10715.659931182861
2021-09-09,10935.094524383545,10667.647006988525
2021-09-10,10913.659358978271,10646.211841583252
2021-09-13,10953.099895477295,10685.652378082275
2021-09-14,10956.555629730225,10689.108112335205
2021-09-15,10972.96912765503,10705.52161026001
2021-09-16,10927.184368133545,10659.736850738525
2021-09-17,10848.572612762451,10581.125095367432
2021-09-20,10815.745616912842,10594.998527526855
2021-09-21,10814.88235092163,10594.135261535645
2021-09-22,10821.79267501831,10601.045585632324
2021-09-23,10814.01794052124,10593.270851135254
2021-09-24,10801.059413909912,10580.312324523926
2021-09-27,10776.87194442749,10556.124855041504
2021-09-28,10693.076778411865,10472.329689025879
2021-09-29,10720.72074508667,10499.973655700684
2021-09-30,10678.392482757568,10457.645393371582
2021-10-01,10771.706554412842,10505.157447814941
2021-10-04,10769.11446762085,10548.341457366943
2021-10-05,10776.889583587646,10556.11657333374
2021-10-06,10831.311962127686,10610.53895187378
2021-10-07,10845.997402191162,10625.224391937256
2021-10-08,10866.730281829834,10645.957271575928
2021-10-11,10876.233074188232,10655.460063934326
2021-10-12,10876.233074188232,10655.460063934326
2021-10-13,10877.097484588623,10656.324474334717
2021-10-14,10909.060070037842,10688.287059783936
2021-10-15,10897.830364227295,10677.057353973389
2021-10-18,10851.18119430542,10630.408184051514
2021-10-19,10869.3219871521,10648.548976898193
2021-10-20,10910.78812789917,10690.015117645264
2021-10-21,10886.599514007568,10665.826503753662
2021-10-22,10895.238277435303,10674.465267181396
2021-10-25,10876.233074188232,10655.460063934326
2021-10-26,10896.965953826904,10676.192943572998
2021-10-27,10987.671443939209,10766.898433685303
2021-10-28,11032.59217453003,10811.819164276123
2021-10-29,11061.099788665771,10840.326778411865
2021-11-01,11092.345436096191,10823.049251556396
2021-11-02,11086.298377990723,10817.002193450928
2021-11-03,11102.712257385254,10833.416072845459
2021-11-04,11129.491813659668,10860.195629119873
2021-11-05,11150.225074768066,10880.928890228271
2021-11-08,11106.167991638184,10836.871807098389
2021-11-09,11119.99016571045,10850.693981170654
2021-11-10,11139.858253479004,10870.562068939209
2021-11-11,11141.585548400879,10872.289363861084
2021-11-12,11130.355461120605,10861.05927658081
2021-11-15,11131.220252990723,10861.924068450928
2021-11-16,11096.665580749512,10827.369396209717
2021-11-17,11069.886024475098,10800.589839935303
2021-11-18,11026.692207336426,10757.39602279663
2021-11-19,11002.503593444824,10733.20740890503
2021-11-22,11031.874855041504,10762.578670501709
2021-11-23,11067.294319152832,10797.998134613037
2021-11-24,11028.419883728027,10759.123699188232
2021-11-25,6240.028007507324,5970.731822967529
2021-11-26,10881.562812805176,10658.68197631836
2021-11-29,10954.991539001465,10732.110702514648
2021-11-30,10806.125267028809,10583.244430541992
2021-12-01,10838.597568511963,10615.716732025146
2021-12-02,10905.630573272705,10682.749736785889
2021-12-03,10946.547397613525,10723.666561126709
2021-12-06,11065.81505203247,10842.934215545654
2021-12-07,11091.931232452393,10869.050395965576
2021-12-08,11073.648914337158,10850.768077850342
2021-12-09,11061.461338043213,10838.580501556396
2021-12-10,11185.080799102783,10962.199962615967
2021-12-13,11313.9241065979,11091.043270111084
2021-12-14,11317.40654373169,11094.525707244873
2021-12-15,11340.041431427002,11117.160594940186
2021-12-16,11391.405185699463,11168.524349212646
2021-12-17,11311.312183380127,11088.43134689331
2021-12-20,11294.772800445557,11071.89196395874
2021-12-21,11314.795001983643,11091.914165496826
2021-12-22,11350.487979888916,11127.6071434021
2021-12-23,11353.970417022705,11131.089580535889
2021-12-24,6285.558399200439,6062.677562713623
2021-12-27,11391.405185699463,11168.524349212646
2021-12-28,11411.427387237549,11188.546550750732
2021-12-29,11417.521366119385,11194.640529632568
2021-12-30,11402.721866607666,11179.84103012085
2021-12-31,11440.15587234497,11217.275035858154
2022-01-03,11447.990497589111,11225.109661102295
2022-01-04,11534.17671585083,11311.295879364014
2022-01-05,11577.70470046997,11354.823863983154
2022-01-06,11549.847110748291,11326.966274261475
2022-01-07,11537.658390045166,11314.77755355835
2022-01-10,11546.363910675049,11323.483074188232
2022-01-11,11548.105701446533,11325.224864959717
2022-01-12,11555.941089630127,11333.06025314331
2022-01-13,11587.280353546143,11364.399517059326
2022-01-14,11629.938205718994,11407.057369232178
2022-01-17,6285.558399200439,6062.677562713623
2022-01-18,11587.280353546143,11364.399517059326
2022-01-19,11595.986637115479,11373.105800628662
2022-01-20,11574.222263336182,11351.341426849365
2022-01-21,11548.105701446533,11325.224864959717
2022-01-24,11505.448230743408,11282.567394256592
2022-01-25,11493.260272979736,11270.37943649292
2022-01-26,11474.107822418213,11251.226985931396
2022-01-27,11478.460010528564,11255.579174041748
2022-01-28,11582.057651519775,11359.176815032959
2022-01-31,11596.856769561768,11373.975933074951
2022-02-01,11610.402584075928,11387.521747589111
2022-02-02,11664.377498626709,11441.496662139893
2022-02-03,11701.812648773193,11478.931812286377
2022-02-04,11645.225429534912,11422.344593048096
2022-02-07,11700.941753387451,11478.060916900635
2022-02-08,11735.764598846436,11512.88376235962
2022-02-09,11652.19030380249,11429.309467315674
2022-02-10,11681.789302825928,11458.908466339111
2022-02-11,11586.897945404053,11364.017108917236
2022-02-14,11620.850276947021,11397.969440460205
2022-02-15,11640.872859954834,11417.992023468018
2022-02-16,11640.001583099365,11417.120746612549
2022-02-17,11746.21114730835,11523.330310821533
2022-02-18,11782.774257659912,11559.893421173096
2022-02-21,6338.279628753662,6115.398792266846
2022-02-22,11760.138988494873,11537.258152008057
2022-02-23,11700.06971359253,11477.188877105713
2022-02-24,11606.050395965576,11383.16955947876
2022-02-25,11809.76209640503,11586.881259918213
2022-02-28,11756.657695770264,11533.776859283447
2022-03-01,11787.101406097412,11564.220569610596
2022-03-02,11827.14733505249,11604.266498565674
2022-03-03,11830.629009246826,11607.74817276001
2022-03-04,11839.334148406982,11616.453311920166
2022-03-07,11709.62147140503,11486.740634918213
2022-03-08,11498.945278167725,11276.064441680908
2022-03-09,11525.061458587646,11302.18062210083
2022-03-10,11431.04137802124,11208.160541534424
2022-03-11,11434.523052215576,11211.64221572876
2022-03-14,11527.508586883545,11304.627750396729
2022-03-15,11622.249263763428,11399.368427276611
2022-03-16,11608.213466644287,11385.33263015747
2022-03-17,11663.479274749756,11440.59843826294
2022-03-18,11664.356273651123,11441.475437164307
2022-03-21,11706.463283538818,11483.582447052002
2022-03-22,11725.761455535889,11502.880619049072
2022-03-23,11690.67387008667,11467.793033599854
2022-03-24,11741.55277633667,11518.671939849854
2022-03-25,11789.799160003662,11566.918323516846
2022-03-28,11824.012035369873,11601.131198883057
2022-03-29,11845.065349578857,11622.184513092041
2022-03-30,11849.451107025146,11626.57027053833
2022-03-31,11831.029933929443,11608.149097442627
2022-04-01,11962.499492645264,11684.467456817627
2022-04-04,11933.550899505615,11655.518863677979
2022-04-05,11927.410381317139,11704.178653717041
2022-04-06,11982.67580795288,11759.444080352783
2022-04-07,12012.500637054443,11789.268909454346
2022-04-08,12046.712749481201,11823.481021881104
2022-04-11,12044.959133148193,11821.727405548096
2022-04-12,12110.750453948975,11887.518726348877
2022-04-13,12125.664775848389,11902.433048248291
2022-04-14,12151.103466033936,11927.871738433838
2022-04-15,6447.379558563232,6224.147830963135
2022-04-18,12100.224559783936,11876.992832183838
2022-04-19,12155.489604949951,11932.257877349854
2022-04-20,12233.561580657959,12010.329853057861
2022-04-21,12255.492275238037,12032.26054763794
2022-04-22,12171.279399871826,11948.047672271729
2022-04-25,12231.807201385498,12008.5754737854
2022-04-26,12153.734844207764,11930.503116607666
2022-04-27,12198.472469329834,11975.240741729736
2022-04-28,12253.738277435303,12030.506549835205
2022-04-29,12115.136974334717,11891.90524673462
2022-05-02,12012.500637054443,11789.268909454346
2022-05-03,11980.920665740967,11757.68893814087
2022-05-04,12151.980464935303,11928.748737335205
2022-05-05,12106.364696502686,11883.132968902588
2022-05-06,12126.539485931396,11903.307758331299
2022-05-09,12115.136974334717,11891.90524673462
2022-05-10,12062.503688812256,11839.271961212158
2022-05-11,12088.818996429443,11865.587268829346
2022-05-12,12106.364696502686,11883.132968902588
2022-05-13,12212.509029388428,11989.27730178833
2022-05-16,12233.561580657959,12010.329853057861
2022-05-17,12217.77102279663,11994.539295196533
2022-05-18,11816.00329208374,11592.771564483643
2022-05-19,11710.735958099365,11487.504230499268
2022-05-20,11796.70397567749,11573.472248077393
2022-05-23,11961.621349334717,11738.38962173462
2022-05-24,12063.379543304443,11840.147815704346
2022-05-25,12067.766445159912,11844.534717559814
2022-05-26,12087.941997528076,11864.710269927979
2022-05-27,12121.276348114014,11898.044620513916
2022-05-30,6447.379558563232,6224.147830963135
2022-05-31,12007.238262176514,11784.006534576416
2022-06-01,12035.36992263794,11812.138195037842
2022-06-02,12093.267108917236,11870.035381317139
2022-06-03,12026.597644805908,11803.36591720581
2022-06-06,12017.82612991333,11794.594402313232
2022-06-07,12051.160099029541,11827.928371429443
2022-06-08,12019.580127716064,11796.348400115967
2022-06-09,11923.962833404541,11700.731105804443
2022-06-10,11889.750720977783,11666.518993377686
2022-06-13,11883.610584259033,11660.378856658936
2022-06-14,11736.05466079712,11512.822933197021
2022-06-15,11774.931385040283,11551.699657440186
2022-06-16,11721.918537139893,11498.686809539795
2022-06-17,11753.726627349854,11530.494899749756
2022-06-20,6502.706195831299,6279.474468231201
2022-06-21,11865.938617706299,11642.706890106201
2022-06-22,11905.698825836182,11682.467098236084
2022-06-23,11970.198490142822,11746.966762542725
2022-06-24,12072.693302154541,11849.461574554443
2022-06-27,12061.206104278564,11837.974376678467
2022-06-28,12005.541660308838,11782.30993270874
2022-06-29,12045.302249908447,11822.07052230835
2022-06-30,12061.206104278564,11837.974376678467
2022-07-01,12247.97505569458,12024.743328094482
2022-07-04,6559.590045928955,6336.358318328857
2022-07-05,12150.7815284729,11927.549800872803
2022-07-06,12162.268726348877,11939.03699874878
2022-07-07,12118.08995437622,11894.858226776123
2022-07-08,12138.411991119385,11915.180263519287
2022-07-11,12120.741550445557,11897.509822845459
2022-07-12,12096.885196685791,11873.653469085693
2022-07-13,12071.261875152588,11848.03014755249
2022-07-14,12053.590671539307,11830.358943939209
2022-07-15,12081.86406326294,11858.632335662842
2022-07-18,12006.761447906494,11783.529720306396
2022-07-19,12084.515277862549,11861.283550262451
2022-07-20,11993.508045196533,11770.276317596436
2022-07-21,11981.138126373291,11757.906398773193
2022-07-22,12001.459400177002,11778.227672576904
2022-07-25,12054.473773956299,11831.242046356201
2022-07-26,12144.597522735596,11921.365795135498
2022-07-27,12126.925937652588,11903.69421005249
2022-07-28,12219.700519561768,11996.46879196167
2022-07-29,12229.4192237854,12006.187496185303
2022-08-01,12317.35136795044,12037.112102508545
2022-08-02,12239.598300933838,11959.359035491943
2022-08-03,12264.338138580322,11984.098873138428
2022-08-04,12242.248752593994,11962.0094871521
2022-08-05,12216.62657546997,11936.387310028076
2022-08-08,12180.399158477783,11900.159893035889
2022-08-09,12187.467792510986,11907.228527069092
2022-08-10,12240.481784820557,11960.242519378662
2022-08-11,12202.488162994385,11922.24889755249
2022-08-12,12244.899585723877,11964.660320281982
2022-08-15,12315.584400177002,12035.345134735107
2022-08-16,12362.413242340088,12082.173976898193
2022-08-17,12349.16060256958,12068.921337127686
2022-08-18,12379.20096206665,12098.961696624756
2022-08-19,12374.78316116333,12094.543895721436
2022-08-22,12289.077213287354,12008.837947845459
2022-08-23,12295.261981964111,12015.022716522217
2022-08-24,12303.215244293213,12022.975978851318
2022-08-25,12330.605152130127,12050.365886688232
2022-08-26,12192.768695831299,11912.529430389404
2022-08-29,12159.1936378479,11878.954372406006
2022-08-30,12107.946994781494,11827.7077293396
2022-08-31,12069.07027053833,11788.831005096436
2022-09-01,12149.475322723389,11814.455089569092
2022-09-02,12074.371181488037,11739.35094833374
2022-09-05,6671.378551483154,6336.358318328857
2022-09-06,12077.022396087646,11796.058601379395
2022-09-07,12176.865230560303,11895.90143585205
2022-09-08,12160.07751083374,11879.113716125488
2022-09-09,12177.748332977295,11896.784538269043
2022-09-12,12193.652568817139,11912.688774108887
2022-09-13,12014.289318084717,11733.325523376465
2022-09-14,12042.563472747803,11761.59967803955
2022-09-15,11969.583736419678,11688.619941711426
2022-09-16,11970.473705291748,11689.509910583496
2022-09-19,12010.523830413818,11729.560035705566
2022-09-20,12002.512966156006,11721.549171447754
2022-09-21,11958.012615203857,11677.048820495605
2022-09-22,11945.551906585693,11664.588111877441
2022-09-23,11886.81205368042,11605.848258972168
2022-09-26,11821.842037200928,11540.878242492676
2022-09-27,11689.23133468628,11408.267539978027
2022-09-28,11742.63137435913,11461.667579650879
2022-09-29,11706.141124725342,11425.17733001709
2022-09-30,11657.190929412842,11376.22713470459
2022-10-03,11713.26125717163,11432.297462463379
2022-10-04,11724.831615447998,11443.867820739746
2022-10-05,11676.771007537842,11395.80721282959
2022-10-06,11569.080577850342,11288.11678314209
2022-10-07,11522.799907684326,11241.836112976074
2022-10-10,11512.120281219482,11231.15648651123
2022-10-11,11520.130382537842,11239.16658782959
2022-10-12,11578.870998382568,11297.907203674316
2022-10-13,11643.840633392334,11362.876838684082
2022-10-14,11564.630352020264,11283.666557312012
2022-10-17,11627.820812225342,11346.85701751709
2022-10-18,11694.571147918701,11413.60735321045
2022-10-19,11651.850353240967,11370.886558532715
2022-10-20,11573.53080368042,11292.567008972168
2022-10-21,11651.850353240967,11370.886558532715
2022-10-24,11795.141826629639,11514.178031921387
2022-10-25,11917.962490081787,11636.998695373535
2022-10-26,11957.12340927124,11676.159614562988
2022-10-27,11969.583736419678,11688.619941711426
2022-10-28,12079.054103851318,11798.090309143066
2022-10-31,11998.062740325928,11717.098945617676
2022-11-01,12032.452571868896,11698.408836364746
2022-11-02,11958.581722259521,11624.537986755371
2022-11-03,11955.91181564331,11621.86808013916
2022-11-04,11998.631847381592,11664.588111877441
2022-11-07,12019.103420257568,11685.059684753418
2022-11-08,12028.892696380615,11694.848960876465
2022-11-09,11955.023372650146,11620.979637145996
2022-11-10,12142.814052581787,11808.770317077637
2022-11-11,12181.974208831787,11847.930473327637
2022-11-14,12129.463375091553,11795.419639587402
2022-11-15,12120.562923431396,11786.519187927246
2022-11-16,12110.774028778076,11776.730293273926
2022-11-17,12127.684200286865,11793.640464782715
2022-11-18,12165.954006195068,11831.910270690918
2022-11-21,12249.614513397217,11915.570777893066
2022-11-22,12273.644817352295,11939.601081848145
2022-11-23,12298.565090179443,11964.521354675293
2022-11-24,6724.458492279053,6390.414756774902
2022-11-25,12303.904903411865,11969.861167907715
2022-11-28,12304.794872283936,11970.751136779785
2022-11-29,12285.215175628662,11951.171440124512
2022-11-30,12425.936305999756,12091.892570495605
2022-12-01,12499.246688842773,12108.026832580566
2022-12-02,12549.44009399414,12158.220237731934
2022-12-05,12470.563217163086,12079.343360900879
2022-12-06,12467.874618530273,12076.654762268066
2022-12-07,12476.838012695312,12085.618156433105
2022-12-08,12501.03921508789,12109.819358825684
2022-12-09,12440.985580444336,12049.765724182129
2022-12-12,12515.379425048828,12124.159568786621
2022-12-13,12517.172714233398,12125.952857971191
2022-12-14,12517.172714233398,12125.952857971191
2022-12-15,12438.296981811523,12047.077125549316
2022-12-16,12406.029220581055,12014.809364318848
2022-12-19,12414.096542358398,12022.876686096191
2022-12-20,12409.614273071289,12018.394416809082
2022-12-21,12500.142379760742,12108.922523498535
2022-12-22,12458.911987304688,12067.69213104248
2022-12-23,12501.93490600586,12110.715049743652
2022-12-26,6781.634613037109,6390.414756774902
2022-12-27,12536.890884399414,12145.671028137207
2022-12-28,12479.526229858398,12088.306373596191
2022-12-29,12513.587280273438,12122.36742401123
2022-12-30,12483.112426757812,12091.892570495605
2023-01-02,6781.634613037109,6390.414756774902
2023-01-03,12423.955627441406,12032.7357711792
2023-01-04,12421.267028808594,12030.047172546387
2023-01-05,12356.731887817383,11965.512031555176
2023-01-06,12464.289184570312,12073.069328308105
2023-01-09,12393.480392456055,12002.260536193848
2023-01-10,12350.457092285156,11959.23723602295
2023-01-11,12339.701934814453,11948.482078552246
2023-01-12,12267.99592590332,11876.776069641113
2023-01-13,12287.715240478516,11896.495384216309
2023-01-16,6781.634613037109,6390.414756774902
2023-01-17,12310.122772216797,11918.90291595459
2023-01-18,12142.511840820312,11751.291984558105
2023-01-19,12134.444900512695,11743.225044250488
2023-01-20,12166.712280273438,11775.49242401123
2023-01-23,12180.157180786133,11788.937324523926
2023-01-24,12208.838363647461,11817.618507385254
2023-01-25,12242.898651123047,11851.67879486084
2023-01-26,12232.14387512207,11840.924018859863
2023-01-27,12203.462310791016,11812.242454528809
2023-01-30,12216.906066894531,11825.686210632324
2023-01-31,12277.855392456055,11886.635536193848
2023-02-01,12333.724174499512,11887.53313446045
2023-02-02,12239.609870910645,11793.418830871582
2023-02-03,12199.275932312012,11753.08489227295
2023-02-06,12229.749641418457,11783.558601379395
2023-02-07,12220.787391662598,11774.596351623535
2023-02-08,12189.41608428955,11743.225044250488
2023-02-09,12180.452690124512,11734.26165008545
2023-02-10,12180.452690124512,11734.26165008545
2023-02-13,12268.292579650879,11822.101539611816
2023-02-14,12177.7640914917,11731.573051452637
2023-02-15,12177.7640914917,11731.573051452637
2023-02-16,12144.600257873535,11698.409217834473
2023-02-17,12225.2681350708,11779.077095031738
2023-02-20,6836.605796813965,6390.414756774902
2023-02-21,12196.586570739746,11750.395530700684
2023-02-22,12212.720069885254,11766.529029846191
2023-02-23,12222.579917907715,11776.388877868652
2023-02-24,12200.170860290527,11753.979820251465
2023-02-27,12198.37947845459,11752.188438415527
2023-02-28,12170.593223571777,11724.402183532715
2023-03-01,12165.089763641357,11666.141456604004
2023-03-02,12242.173351287842,11743.225044250488
2023-03-03,12217.076076507568,11718.127769470215
2023-03-06,12299.536861419678,11800.588554382324
2023-03-07,12268.166316986084,11769.21800994873
2023-03-08,12270.855297088623,11771.90699005127
2023-03-09,12218.868984222412,11719.920677185059
2023-03-10,12196.460689544678,11697.512382507324
2023-03-13,12250.240291595459,11751.291984558105
2023-03-14,12269.958843231201,11771.010536193848
2023-03-15,12305.81203842163,11806.863731384277
2023-03-16,12335.617031097412,11836.668724060059
2023-03-17,12310.32863998413,11811.380332946777
2023-03-20,12362.7135887146,11863.765281677246
2023-03-21,12337.424053192139,11838.475746154785
2023-03-22,12313.037075042725,11814.088768005371
2023-03-23,12301.29543685913,11802.347129821777
2023-03-24,12389.809001922607,11890.860694885254
2023-03-27,12430.451930999756,11931.503623962402
2023-03-28,12436.77479171753,11937.826484680176
2023-03-29,12476.515544891357,11977.567237854004
2023-03-30,12475.612224578857,11976.663917541504
2023-03-31,12491.869701385498,11992.921394348145
2023-04-03,12525.288356781006,12026.340049743652
2023-04-04,12508.127178192139,12009.178871154785
2023-04-05,12561.415447235107,12062.467140197754
2023-04-06,12565.02834701538,12066.080039978027
2023-04-07,6889.363063812256,6390.414756774902
2023-04-10,12551.480449676514,12052.53214263916
2023-04-11,12541.545833587646,12042.597526550293
2023-04-12,12551.480449676514,12052.53214263916
2023-04-13,12593.027843475342,12094.079536437988
2023-04-14,12583.995021820068,12085.046714782715
2023-04-17,12621.02543258667,12122.077125549316
2023-04-18,12630.058254241943,12131.10994720459
2023-04-19,12640.89619064331,12141.947883605957
2023-04-20,12666.186107635498,12167.237800598145
2023-04-21,12674.314464569092,12175.366157531738
2023-04-24,12665.282405853271,12166.334098815918
2023-04-25,12656.250347137451,12157.302040100098
2023-04-26,12629.154933929443,12130.20662689209
2023-04-27,12640.89619064331,12141.947883605957
2023-04-28,12683.346904754639,12184.398597717285
2023-05-01,12754.96934890747,12197.9457321167
2023-05-02,12728.77763748169,12171.754020690918
2023-05-03,12696.261920928955,12139.238304138184
2023-05-04,12702.585163116455,12145.561546325684
2023-05-05,12729.67981338501,12172.656196594238
2023-05-08,12720.648517608643,12163.624900817871
2023-05-09,12672.778644561768,12115.755027770996
2023-05-10,12682.714786529541,12125.69116973877
2023-05-11,12715.229358673096,12158.205741882324
2023-05-12,12737.809314727783,12180.785697937012
2023-05-15,12722.45439529419,12165.430778503418
2023-05-16,12657.42525100708,12100.401634216309
2023-05-17,12651.10315322876,12094.079536437988
2023-05-18,12619.490756988525,12062.467140197754
2023-05-19,12622.200717926025,12065.177101135254
2023-05-22,12502.978839874268,11945.955223083496
2023-05-23,12493.043460845947,11936.019844055176
2023-05-24,12446.077671051025,11889.054054260254
2023-05-25,12403.628101348877,11846.604484558105
2023-05-26,12390.079822540283,11833.056205749512
2023-05-29,6947.438373565674,6390.414756774902
2023-05-30,12346.726551055908,11789.702934265137
2023-05-31,12335.887851715088,11778.864234924316
2023-06-01,12420.78812789917,11809.572929382324
2023-06-02,12525.55764389038,11914.342445373535
2023-06-05,12488.528377532959,11877.313179016113
2023-06-06,12448.788005828857,11837.572807312012
2023-06-07,12440.65888595581,11829.443687438965
2023-06-08,12454.206401824951,11842.991203308105
2023-06-09,12463.238460540771,11852.023262023926
2023-06-12,12439.755947113037,11828.540748596191
2023-06-13,12461.432582855225,11850.217384338379
2023-06-14,12498.462230682373,11887.247032165527
2023-06-15,12573.9997215271,11962.784523010254
2023-06-16,12614.042217254639,12002.827018737793
2023-06-19,7001.629955291748,6390.414756774902
2023-06-20,12576.728755950928,11965.513557434082
2023-06-21,12592.200786590576,11980.98558807373
2023-06-22,12630.423290252686,12019.20809173584
2023-06-23,12571.268779754639,11960.053581237793
2023-06-26,12573.089534759521,11961.874336242676
2023-06-27,12561.257869720459,11950.042671203613
2023-06-28,12509.384090423584,11898.168891906738
2023-06-29,12463.880474090576,11852.66527557373
2023-06-30,12482.082302093506,11870.86710357666
2023-07-03,12514.8444480896,11903.629249572754
2023-07-04,7001.629955291748,6390.414756774902
2023-07-05,12555.797512054443,11944.582313537598
2023-07-06,12513.024074554443,11901.808876037598
2023-07-07,12440.218669891357,11829.003471374512
2023-07-10,12399.265605926514,11788.050407409668
2023-07-11,12418.376476287842,11807.161277770996
2023-07-12,12447.499019622803,11836.283821105957
2023-07-13,12493.912441253662,11882.697242736816
2023-07-14,12543.966609954834,11932.751411437988
2023-07-17,12535.776454925537,11924.561256408691
2023-07-18,12513.934261322021,11902.719062805176
2023-07-19,12611.31203842163,12000.096839904785
2023-07-20,12679.56727218628,12068.352073669434
2023-07-21,12684.117824554443,12072.902626037598
2023-07-24,12685.937816619873,12074.722618103027
2023-07-25,12666.826183319092,12055.610984802246
2023-07-26,12739.631587982178,12128.416389465332
2023-07-27,12684.117824554443,12072.902626037598
2023-07-28,12687.758571624756,12076.54337310791
2023-07-31,12637.70363998413,12026.488441467285
2023-08-01,12679.357685089111,12011.927360534668
2023-08-02,12696.649326324463,12029.21900177002
2023-08-03,12667.527164459229,12000.096839904785
2023-08-04,12582.890476226807,11915.460151672363
2023-08-07,12626.573337554932,11959.143013000488
2023-08-08,12602.000965118408,11934.570640563965
2023-08-09,12614.743198394775,11947.312873840332
2023-08-10,12602.000965118408,11934.570640563965
2023-08-11,12624.752582550049,11957.322257995605
2023-08-14,12598.361362457275,11930.931037902832
2023-08-15,12561.048664093018,11893.618339538574
2023-08-16,12561.95846939087,11894.528144836426
2023-08-17,12573.789752960205,11906.359428405762
2023-08-18,12604.732288360596,11937.301963806152
2023-08-21,12557.407917022705,11889.977592468262
2023-08-22,12523.735584259033,11856.30525970459
2023-08-23,12542.847599029541,11875.417274475098
2023-08-24,12528.28575515747,11860.855430603027
2023-08-25,12553.768695831299,11886.338371276855
2023-08-28,12569.239200592041,11901.808876037598
2023-08-29,12563.779224395752,11896.348899841309
2023-08-30,12561.048664093018,11893.618339538574
2023-08-31,12502.804340362549,11835.374015808105
2023-09-01,12509.457088470459,11788.050407409668
2023-09-04,7111.821437835693,6390.414756774902
2023-09-05,12464.863277435303,11743.456596374512
2023-09-06,12461.222911834717,11739.816230773926
2023-09-07,12420.270610809326,11698.863929748535
2023-09-08,12420.270610809326,11698.863929748535
2023-09-11,12470.323635101318,11748.916954040527
2023-09-12,12417.538906097412,11696.132225036621
2023-09-13,12430.2799949646,11708.873313903809
2023-09-14,12474.309993743896,11752.903312683105
2023-09-15,12426.611019134521,11705.20433807373
2023-09-18,12459.63332748413,11738.22664642334
2023-09-19,12448.626781463623,11727.220100402832
2023-09-20,12472.475887298584,11751.069206237793
2023-09-21,12389.92011642456,11668.51343536377
2023-09-22,12395.423961639404,11674.017280578613
2023-09-25,12340.385509490967,11618.978828430176
2023-09-26,12297.272945404053,11575.866264343262
2023-09-27,12244.070888519287,11522.664207458496
2023-09-28,12231.22871017456,11509.82202911377
2023-09-29,12246.822048187256,11525.415367126465
2023-10-02,12200.957180023193,11479.550498962402
2023-10-03,12145.920635223389,11424.513954162598
2023-10-04,12160.597301483154,11439.190620422363
2023-10-05,11916.59705734253,11195.190376281738
2023-10-06,11986.3102684021,11264.903587341309
2023-10-09,11962.461925506592,11241.0552444458
2023-10-10,12067.950130462646,11346.543449401855
2023-10-11,12038.597179412842,11317.19049835205
2023-10-12,11956.040645599365,11234.633964538574
2023-10-13,11963.378597259521,11241.97191619873
2023-10-16,12012.912059783936,11291.505378723145
2023-10-17,12071.618724822998,11350.212043762207
2023-10-18,12069.785381317139,11348.378700256348
2023-10-19,12097.302700042725,11425.750831604004
2023-10-20,12117.48359298706,11445.93172454834
2023-10-23,12072.536540985107,11400.984672546387
2023-10-24,12215.634227752686,11544.082359313965
2023-10-25,12259.664608001709,11588.112739562988
2023-10-26,12228.476406097412,11556.924537658691
2023-10-27,12178.942943572998,11507.391075134277
2023-10-30,12262.416912078857,11590.865043640137
2023-10-31,12293.604351043701,11622.05248260498
2023-11-01,12340.789905548096,11617.46607208252
2023-11-02,12400.413242340088,11677.089408874512
2023-11-03,12368.307987213135,11644.984153747559
2023-11-06,12389.405933380127,11666.08209991455
2023-11-07,12408.66939163208,11685.345558166504
2023-11-08,12400.413242340088,11677.089408874512
2023-11-09,12360.969654083252,11637.645820617676
2023-11-10,12366.473880767822,11643.150047302246
2023-11-13,12385.736957550049,11662.413124084473
2023-11-14,12401.331058502197,11678.007225036621
2023-11-15,12411.421314239502,11688.097480773926
2023-11-16,12405.917850494385,11682.594017028809
2023-11-17,12416.00696182251,11692.683128356934
2023-11-20,12428.849140167236,11705.52530670166
2023-11-21,12486.63913345337,11763.315299987793
2023-11-22,12522.413745880127,11799.08991241455
2023-11-23,7163.593402862549,6440.269569396973
2023-11-24,12536.172214508057,11812.84838104248
2023-11-27,12526.081958770752,11802.758125305176
2023-11-28,12537.08964920044,11813.765815734863
2023-11-29,12504.98401260376,11781.660179138184
2023-11-30,12566.932025909424,11843.608192443848
2023-12-01,12639.643230438232,11862.101081848145
2023-12-04,12633.17045211792,11855.628303527832
2023-12-05,12641.49221420288,11863.950065612793
2023-12-06,12635.94373703003,11858.401588439941
2023-12-07,12648.889293670654,11871.347145080566
2023-12-08,12636.868801116943,11859.326652526855
2023-12-11,12676.626720428467,11899.084571838379
2023-12-12,12711.760845184326,11934.218696594238
2023-12-13,12758.915843963623,11981.373695373535
2023-12-14,12676.626720428467,11899.084571838379
2023-12-15,12635.94373703003,11858.401588439941
2023-12-18,12674.777355194092,11897.235206604004
2023-12-19,12657.209911346436,11879.667762756348
2023-12-20,12544.40969467163,11766.867546081543
2023-12-21,12579.544200897217,11802.002052307129
2023-12-22,12610.055675506592,11832.513526916504
2023-12-25,7217.811717987061,6440.269569396973
2023-12-26,12632.246913909912,11854.704765319824
2023-12-27,12646.114864349365,11868.572715759277
2023-12-28,12649.812831878662,11872.270683288574
2023-12-29,12666.45673751831,11888.914588928223
2024-01-01,7217.811717987061,6440.269569396973
2024-01-02,12804.054431915283,11971.202949523926
2024-01-03,12816.998844146729,11984.147361755371
2024-01-04,12798.506717681885,11965.655235290527
2024-01-05,12790.18533706665,11957.333854675293
2024-01-08,12830.867557525635,11998.016075134277
2024-01-09,12820.697574615479,11987.846092224121
2024-01-10,12839.190082550049,12006.338600158691
2024-01-11,12803.129749298096,11970.278266906738
2024-01-12,12856.757144927979,12023.905662536621
2024-01-15,7273.12105178833,6440.269569396973
2024-01-16,12819.772891998291,11986.921409606934
2024-01-17,12819.772891998291,11986.921409606934
2024-01-18,12835.490970611572,12002.639488220215
2024-01-19,12804.979496002197,11972.12801361084
2024-01-22,12780.938892364502,11948.087409973145
2024-01-23,12806.828479766846,11973.976997375488
2024-01-24,12719.916324615479,11887.064842224121
2024-01-25,12743.031101226807,11910.17961883545
2024-01-26,12762.447910308838,11929.59642791748
2024-01-29,12795.733051300049,11962.881568908691
2024-01-30,12811.450748443604,11978.599266052246
2024-01-31,12773.542575836182,11940.691093444824
2024-02-01,12967.689949035645,12078.456596374512
2024-02-02,12927.007347106934,12037.7739944458
2024-02-05,12880.77741241455,11991.544059753418
2024-02-06,12871.531349182129,11982.297996520996
2024-02-07,12876.154762268066,11986.921409606934
2024-02-08,12861.361366271973,11972.12801361084
2024-02-09,12836.396842956543,11947.16349029541
2024-02-12,12849.341255187988,11960.107902526855
2024-02-13,12816.979652404785,11927.746299743652
2024-02-14,12811.433082580566,11922.199729919434
2024-02-15,12821.60344696045,11932.370094299316
2024-02-16,12820.678764343262,11931.445411682129
2024-02-19,7329.5029220581055,6440.269569396973
2024-02-20,12941.801124572754,12052.567771911621
2024-02-21,12991.728645324707,12102.495292663574
2024-02-22,12983.4076461792,12094.174293518066
2024-02-23,12988.031059265137,12098.797706604004
2024-02-26,12942.725044250488,12053.491691589355
2024-02-27,12908.514839172363,12019.28148651123
2024-02-28,12914.062553405762,12024.829200744629
2024-02-29,12878.928428649902,11989.69507598877
2024-03-01,12888.664379119873,11944.389823913574
2024-03-04,12914.552822113037,11970.278266906738
2024-03-05,12887.739696502686,11943.465141296387
2024-03-06,12890.512981414795,11946.238426208496
2024-03-07,12880.342235565186,11936.067680358887
2024-03-08,12887.739696502686,11943.465141296387
2024-03-11,12954.31074142456,12010.036186218262
2024-03-12,12978.34981918335,12034.07526397705
2024-03-13,13035.675563812256,12091.401008605957
2024-03-14,13023.092784881592,12078.818229675293
2024-03-15,12965.310039520264,12021.035484313965
2024-03-18,12988.608684539795,12044.334129333496
2024-03-19,12997.929515838623,12053.654960632324
2024-03-20,13046.393337249756,12102.118782043457
2024-03-21,13020.296993255615,12076.022438049316
2024-03-22,13022.161235809326,12077.886680603027
2024-03-25,13013.77347946167,12069.498924255371
2024-03-26,13026.821269989014,12082.546714782715
2024-03-27,13072.488536834717,12128.213981628418
2024-03-28,13086.46863937378,12142.19408416748
2024-03-29,7384.5441246032715,6440.269569396973
2024-04-01,13096.422695159912,12095.594886779785
2024-04-02,13047.02656173706,12046.198753356934
2024-04-03,13017.203258514404,12016.375450134277
2024-04-04,12967.807888031006,11966.980079650879
2024-04-05,12987.379192352295,11986.551383972168
2024-04-08,12965.011714935303,11964.183906555176
2024-04-09,13006.951259613037,12006.12345123291
2024-04-10,12932.391094207764,11931.563285827637
2024-04-11,12944.508098602295,11943.680290222168
2024-04-12,12872.744487762451,11926.233150482178
2024-04-15,12859.696697235107,11913.185359954834
2024-04-16,12852.24125289917,11905.729915618896
2024-04-17,12894.180034637451,11947.668697357178
2024-04-18,12931.459926605225,11984.948589324951
2024-04-19,13048.890422821045,12102.379085540771
2024-04-22,13084.306072235107,12137.794734954834
2024-04-23,13092.693828582764,12146.18249130249
2024-04-24,13177.505992889404,12230.99465560913
2024-04-25,13195.213436126709,12248.702098846436
2024-04-26,13195.213436126709,12248.702098846436
2024-04-29,13223.173641204834,12276.66230392456
2024-04-30,13198.009227752686,12251.497890472412
2024-05-01,13270.639499664307,12266.409923553467
2024-05-02,13276.231464385986,12272.001888275146
2024-05-03,13293.006977081299,12288.777400970459
2024-05-06,13309.783252716064,12305.553676605225
2024-05-07,13334.94690322876,12330.71732711792
2024-05-08,13356.382831573486,12352.153255462646
2024-05-09,13359.17900466919,12354.94942855835
2024-05-10,13394.593891143799,12390.364315032959
2024-05-13,13424.418720245361,12420.189144134521
2024-05-14,13379.683002471924,12375.453426361084
2024-05-15,13382.4787940979,12378.24921798706
2024-05-16,13400.186237335205,12395.956661224365
2024-05-17,13373.159107208252,12368.929531097412
2024-05-20,13330.287250518799,12326.057674407959
2024-05-21,13361.97441482544,12357.7448387146
2024-05-22,13370.362552642822,12366.132976531982
2024-05-23,13285.551151275635,12281.321575164795
2024-05-24,13277.163776397705,12272.934200286865
2024-05-27,7498.815616607666,6494.586040496826
2024-05-28,13260.387119293213,12256.157543182373
2024-05-29,13249.203189849854,12244.973613739014
2024-05-30,13274.368747711182,12270.139171600342
2024-05-31,13363.839038848877,12359.609462738037
2024-06-03,13363.839038848877,12359.609462738037
2024-06-04,13457.96936416626,12453.73978805542
2024-06-05,13456.105503082275,12451.875926971436
2024-06-06,13477.542194366455,12473.312618255615
2024-06-07,13455.174335479736,12450.944759368896
2024-06-10,13425.350650787354,12421.121074676514
2024-06-11,13421.622165679932,12417.392589569092
2024-06-12,13359.17900466919,12354.94942855835
2024-06-13,13369.431003570557,12365.201427459717
2024-06-14,13373.656925201416,12369.427349090576
2024-06-17,13380.231174468994,12376.001598358154
2024-06-18,13381.170734405518,12376.941158294678
2024-06-19,7498.815616607666,6494.586040496826
2024-06-20,13338.906177520752,12334.676601409912
2024-06-21,13394.319995880127,12390.090419769287
2024-06-24,13507.026752471924,12502.797176361084
2024-06-25,13494.817050933838,12490.587474822998
2024-06-26,13514.540943145752,12510.311367034912
2024-06-27,13501.391681671143,12497.162105560303
2024-06-28,13476.971515655518,12472.741939544678
2024-07-01,13501.653663635254,12437.990047454834
2024-07-02,13489.444725036621,12425.781108856201
2024-07-03,13506.350700378418,12442.687084197998
2024-07-04,7558.249656677246,6494.586040496826
2024-07-05,13546.73690032959,12483.07328414917
2024-07-08,13471.5991897583,12407.93557357788
2024-07-09,13446.240226745605,12382.576610565186
2024-07-10,13459.389869689941,12395.726253509521
2024-07-11,13484.748832702637,12421.085216522217
2024-07-12,13541.101829528809,12477.438213348389
2024-07-15,13513.86450958252,12450.2008934021
2024-07-16,13594.636909484863,12530.973293304443
2024-07-17,13682.924263000488,12619.260646820068
2024-07-18,13681.047050476074,12678.611408233643
2024-07-19,13690.438453674316,12688.002811431885
2024-07-22,13641.598121643066,12639.162479400635
2024-07-23,13659.444038391113,12657.008396148682
2024-07-24,13739.278022766113,12736.842380523682
2024-07-25,13763.697807312012,12761.26216506958
2024-07-26,13855.741111755371,12853.30546951294
2024-07-29,13835.079948425293,12832.644306182861
2024-07-30,13914.913551330566,12912.477909088135
2024-07-31,13826.625434875488,12824.189792633057
2024-08-01,14005.040542602539,13002.604900360107
2024-08-02,14133.714096069336,13131.278453826904
2024-08-05,14018.189804077148,13015.754161834717
2024-08-06,14013.493911743164,13011.058269500732
2024-08-07,14052.002517700195,13049.566875457764
2024-08-08,14077.361862182617,13074.926219940186
2024-08-09,14072.665969848633,13070.230327606201
2024-08-12,14024.763290405273,13022.327648162842
2024-08-13,14052.002517700195,13049.566875457764
2024-08-14,14063.272659301758,13060.837017059326
2024-08-15,14069.846908569336,13067.411266326904
2024-08-16,14119.62565612793,13117.190013885498
2024-08-19,14100.842086791992,13098.40644454956
2024-08-20,14138.40998840332,13135.974346160889
2024-08-21,14156.255905151367,13153.820262908936
2024-08-22,14133.714096069336,13131.278453826904
2024-08-23,14176.917831420898,13174.482189178467
2024-08-26,14275.536148071289,13273.100505828857
2024-08-27,14337.524978637695,13335.089336395264
2024-08-28,14361.005966186523,13358.570323944092
2024-08-29,14389.182083129883,13386.746440887451
2024-08-30,14428.630630493164,13426.194988250732
2024-09-02,7622.07926940918,6619.643627166748
2024-09-03,14479.348556518555,13476.912914276123
2024-09-04,14437.082473754883,13434.646831512451
2024-09-05,14306.531326293945,13304.095684051514
2024-09-06,14303.715316772461,13301.27967453003
2024-09-09,14370.399276733398,13367.963634490967
2024-09-10,14342.221633911133,13339.785991668701
2024-09-11,14298.078720092773,13295.643077850342
2024-09-12,14312.165634155273,13309.729991912842
2024-09-13,14375.053207397461,13372.61756515503
2024-09-16,14440.30436706543,13437.868724822998
2024-09-17,14411.933700561523,13409.498058319092
2024-09-18,14407.205764770508,13404.770122528076
2024-09-19,14300.346939086914,13297.911296844482
2024-09-20,14396.803085327148,13394.367443084717
2024-09-23,14405.315200805664,13402.879558563232
2024-09-24,14367.488662719727,13365.053020477295
2024-09-25,14378.835861206055,13376.400218963623
2024-09-26,14374.107925415039,13371.672283172607
2024-09-27,14410.987655639648,13408.552013397217
2024-09-30,14417.607681274414,13415.172039031982
2024-10-01,14471.236549377441,13468.80090713501
2024-10-02,14405.040870666504,13402.605228424072
2024-10-03,14358.70221710205,13356.26657485962
2024-10-04,14325.603614807129,13323.167972564697
2024-10-07,14215.90665435791,13213.471012115479
2024-10-08,14231.98331451416,13229.547672271729
2024-10-09,14268.863807678223,13266.428165435791
2024-10-10,14238.603340148926,13236.167697906494
2024-10-11,14268.863807678223,13266.428165435791
2024-10-14,14341.680274963379,13339.244632720947
2024-10-15,14341.680274963379,13339.244632720947
2024-10-16,14363.431678771973,13360.996036529541
2024-10-17,14300.0718460083,13297.63620376587
2024-10-18,14351.136909484863,13348.701267242432
2024-10-21,14257.516609191895,13255.080966949463
2024-10-22,14257.516609191895,13255.080966949463
2024-10-23,14121.34107208252,13118.905429840088
2024-10-24,14054.19896697998,13051.763324737549
2024-10-25,14018.264137268066,13015.828495025635
2024-10-28,13994.622550964355,12992.186908721924
2024-10-29,13889.653526306152,12887.21788406372
2024-10-30,13923.698554992676,12921.262912750244
2024-10-31,13866.011940002441,12863.57629776001
2024-11-01,13899.12145614624,12896.685813903809
2024-11-04,13908.576946258545,12906.141304016113
2024-11-05,13933.16457748413,12930.7289352417
2024-11-06,13775.238780975342,12772.80313873291
2024-11-07,13771.456127166748,12769.020484924316
2024-11-08,13796.04299545288,12793.60735321045
2024-11-11,13743.085842132568,12740.650199890137
2024-11-12,13727.955226898193,12725.519584655762
2024-11-13,13709.041957855225,12706.606315612793
2024-11-14,13666.487483978271,12664.05184173584
2024-11-15,13589.889125823975,12587.453483581543
2024-11-18,13601.23670578003,12598.801063537598
2024-11-19,13670.269756317139,12667.834114074707
2024-11-20,13708.096675872803,12705.661033630371
2024-11-21,13780.912380218506,12778.476737976074
2024-11-22,13796.04299545288,12793.60735321045
2024-11-25,13839.543132781982,12837.10749053955
2024-11-26,13855.619792938232,12853.1841506958
2024-11-27,13844.271831512451,12841.83618927002
2024-11-28,7751.370220184326,6748.9345779418945
2024-11-29,13857.134990692139,12854.699348449707
2024-12-02,13816.163234710693,12813.727592468262
2024-12-03,13803.776531219482,12801.34088897705
2024-12-04,13678.955059051514,12676.519416809082
2024-12-05,13746.606044769287,12744.170402526855
2024-12-06,13709.445171356201,12707.00952911377
2024-12-09,13716.115550994873,12713.679908752441
2024-12-10,13745.653133392334,12743.217491149902
2024-12-11,13719.926815032959,12717.491172790527
2024-12-12,13834.267024993896,12831.831382751465
2024-12-13,13765.66312789917,12763.227485656738
2024-12-16,13711.351375579834,12708.915733337402
2024-12-17,13792.341976165771,12789.90633392334
2024-12-18,13739.936428070068,12737.500785827637
2024-12-19,13701.823024749756,12699.387382507324
2024-12-20,13711.351375579834,12708.915733337402
2024-12-23,13695.153408050537,12692.717765808105
2024-12-24,13738.983516693115,12736.547874450684
2024-12-25,7751.370220184326,6748.9345779418945
2024-12-26,13713.256435394287,12710.820793151855
2024-12-27,13701.823024749756,12699.387382507324
2024-12-30,13661.804180145264,12659.368537902832
2024-12-31,13683.7184715271,12681.282829284668
