cash_change,close_price,collateral,cost,cost_basis,date,expiry,premium,premium_collected,price,realized_pnl,shares,strike,ticker,type
-664.1078472137451,,,,,2020-01-03,,,,6.641078472137451,,100,,F,buy_lot
-1863.4342193603516,,,,,2020-01-03,,,,18.634342193603516,,100,,T,buy_lot
-2644.0689086914062,,,,,2020-01-03,,,,26.440689086914062,,100,,PFE,buy_lot
-2964.638137817383,,,,,2020-01-03,,,,29.646381378173828,,100,,BAC,buy_lot
-465.93772172927856,,,,,2020-01-03,,,,6.641078472137451,,70.15994821987326,,F,buy_directional
-465.93772172927856,,,,,2020-01-03,,,,18.634342193603516,,25.00424844023836,,T,buy_directional
-465.93772172927856,,,,,2020-01-03,,,,29.646381378173828,,15.716512439940136,,BAC,buy_directional
-465.93772172927856,,,,,2020-01-06,,,,26.40673065185547,,17.644657639454486,,PFE,buy_directional
28.670339248115706,,,,,2020-02-03,2020-03-07,28.670339248115706,,,,,27,PFE,write_cc
24.488368097849378,,,,,2020-02-03,2020-03-07,24.488368097849378,,,,,29,BAC,write_cc
17.392606991024806,,,,,2020-02-04,2020-03-08,17.392606991024806,,,,,19.0,T,write_cc
19.146435745277522,,,,,2020-02-07,2020-03-11,19.146435745277522,,,,,6.125772981643677,F,write_cc
-6.538309421635979,6.538309421635979,,,,2020-02-14,2020-03-07,,28.670339248115706,,22.132029826479727,,27,PFE,btc_call
33.454598327609105,,,,,2020-02-14,2020-03-18,33.454598327609105,,,,,26,PFE,write_cc
-2.9851901023475347,2.9851901023475347,,,,2020-02-24,2020-03-11,,19.146435745277522,,16.161245642929988,,6.125772981643677,F,btc_call
-4.477193367099974,4.477193367099974,,,,2020-02-24,2020-03-18,,33.454598327609105,,28.97740496050913,,26,PFE,btc_call
25.17970452242242,,,,,2020-02-24,2020-03-28,25.17970452242242,,,,,25.0,PFE,write_cc
-2.8427191133418184,2.8427191133418184,,,,2020-02-25,2020-03-07,,24.488368097849378,,21.64564898450756,,29,BAC,btc_call
-3.637221609523289,3.637221609523289,,,,2020-02-25,2020-03-08,,17.392606991024806,,13.755385381501517,,19.0,T,btc_call
18.715464093310374,,,,,2020-02-25,2020-03-29,18.715464093310374,,,,,5.5,F,write_cc
15.31648103996277,,,,,2020-02-25,2020-03-29,15.31648103996277,,,,,19.0,T,write_cc
43.09665197266091,,,,,2020-02-25,2020-03-29,43.09665197266091,,,,,28,BAC,write_cc
-8.52619741843319,8.52619741843319,,,,2020-02-27,2020-03-28,,25.17970452242242,,16.653507103989227,,25.0,PFE,btc_call
-5.687372853392003,5.687372853392003,,,,2020-02-27,2020-03-29,,15.31648103996277,,9.629108186570768,,19.0,T,btc_call
-14.6229327821215,14.6229327821215,,,,2020-02-27,2020-03-29,,43.09665197266091,,28.473719190539406,,28,BAC,btc_call
24.611118796357356,,,,,2020-02-27,2020-03-31,24.611118796357356,,,,,18.0,T,write_cc
18.386529987048217,,,,,2020-02-27,2020-03-31,18.386529987048217,,,,,24.5,PFE,write_cc
55.13008028825901,,,,,2020-02-27,2020-03-31,55.13008028825901,,,,,26,BAC,write_cc
-6.042317138642661,6.042317138642661,,,,2020-03-05,2020-03-29,,18.715464093310374,,12.673146954667713,,5.5,F,btc_call
-19.522166742168288,19.522166742168288,,,,2020-03-05,2020-03-31,,55.13008028825901,,35.60791354609072,,26,BAC,btc_call
20.7703467414466,,,,,2020-03-05,2020-04-07,20.7703467414466,,,,,5.090964207649231,F,write_cc
74.71342349827488,,,,,2020-03-05,2020-04-07,74.71342349827488,,,,,24.0,BAC,write_cc
-7.998861010254488,7.998861010254488,,,,2020-03-06,2020-04-07,,20.7703467414466,,12.771485731192112,,5.090964207649231,F,btc_call
-15.920933157797123,15.920933157797123,,,,2020-03-09,2020-04-07,,74.71342349827488,,58.792490340477755,,24.0,BAC,btc_call
16.367851708264624,,,,,2020-03-09,2020-04-11,16.367851708264624,,,,,4.5,F,write_cc
114.26715097000636,,,,,2020-03-09,2020-04-11,114.26715097000636,,,,,19.5,BAC,write_cc
-8.217352047127747,8.217352047127747,,,,2020-03-12,2020-03-31,,24.611118796357356,,16.39376674922961,,18.0,T,btc_call
-6.652902433212837,6.652902433212837,,,,2020-03-12,2020-03-31,,18.386529987048217,,11.73362755383538,,24.5,PFE,btc_call
66.93876538677034,,,,,2020-03-12,2020-04-14,66.93876538677034,,,,,16.0,T,write_cc
84.17834110705238,,,,,2020-03-12,2020-04-14,84.17834110705238,,,,,21.5,PFE,write_cc
31.267540601502652,,400.0,,,2020-03-12,2020-04-10,31.267540601502652,,,,,4.0,F,write_csp
-618.420129926117,,,,,2020-03-12,,,,34.988155364990234,,17.675128153366988,,GE,buy_directional
,,,,,2020-04-13,2020-04-11,,,,16.367851708264624,,4.5,F,expire_call
,,,,,2020-04-13,2020-04-11,,,,114.26715097000636,,19.5,BAC,expire_call
,,,,,2020-04-13,2020-04-10,,,,31.267540601502652,,4.0,F,expire_put
45.820582442478795,,,,,2020-04-13,2020-05-16,45.820582442478795,,,,,4.0,F,write_cc
268.8024263666122,,,,,2020-04-13,2020-05-16,268.8024263666122,,,,,21.5,BAC,write_cc
,,,,,2020-04-14,2020-04-14,,,,66.93876538677034,,16.0,T,expire_call
2150.0,,,,26.440689086914062,2020-04-14,,,,21.5,-494.06890869140625,100,,PFE,sell_lot
,,,,,2020-04-14,2020-04-14,,,,,,21.5,PFE,assign_call
-387.9345893859863,,,,,2020-04-14,,,,3.8793458938598633,,100,,F,buy_lot
-1546.9587326049805,,,,,2020-04-14,,,,15.469587326049805,,100,,T,buy_lot
120.04767580724706,,,,,2020-04-14,2020-05-17,120.04767580724706,,,,,16.0,T,write_cc
32.61814312635283,,350.0,,,2020-04-14,2020-05-13,32.61814312635283,,,,,3.5,F,write_csp
-97.3734296300635,97.3734296300635,,,,2020-04-16,2020-05-16,,268.8024263666122,,171.42899673654873,,21.5,BAC,btc_call
185.10553245451914,,,,,2020-04-16,2020-05-19,185.10553245451914,,,,,19.0,BAC,write_cc
-38.103446281121656,38.103446281121656,,,,2020-04-22,2020-05-17,,120.04767580724706,,81.94422952612541,,16.0,T,btc_call
64.755238614962,,,,,2020-04-22,2020-05-25,64.755238614962,,,,,15.5,T,write_cc
-12.307939740744956,12.307939740744956,,,,2020-04-23,2020-05-16,,45.820582442478795,,33.51264270173384,,4.0,F,btc_call
20.954744206551148,,,,,2020-04-23,2020-05-26,20.954744206551148,,,,,3.872892580032349,F,write_cc
-10.072230309037478,10.072230309037478,,,,2020-04-27,2020-05-13,,32.61814312635283,,22.545912817315347,,3.5,F,btc_put
35.01182285732134,,400.0,,,2020-04-28,2020-05-27,35.01182285732134,,,,,4.0,F,write_csp
-11.242698972527654,11.242698972527654,,,,2020-05-06,2020-05-25,,64.755238614962,,53.51253964243434,,15.5,T,btc_call
35.59960335788919,,,,,2020-05-06,2020-06-08,35.59960335788919,,,,,15.0,T,write_cc
-8.253470678114416,8.253470678114416,,,,2020-05-07,2020-05-26,,20.954744206551148,,12.701273528436731,,3.872892580032349,F,btc_call
20.38923894122886,,,,,2020-05-07,2020-06-09,20.38923894122886,,,,,3.6784854435920717,F,write_cc
-47.22374708705503,47.22374708705503,,,,2020-05-12,2020-05-19,,185.10553245451914,,137.8817853674641,,19.0,BAC,btc_call
98.1316560514121,,,,,2020-05-12,2020-06-14,98.1316560514121,,,,,19.5,BAC,write_cc
-11.706720228544821,11.706720228544821,,,,2020-05-20,2020-05-27,,35.01182285732134,,23.30510262877652,,4.0,F,btc_put
25.08803306292564,,400.0,,,2020-05-20,2020-06-18,25.08803306292564,,,,,4.0,F,write_csp
-8.072012736215328,8.072012736215328,,,,2020-05-27,2020-06-18,,25.08803306292564,,17.01602032671031,,4.0,F,btc_put
32.490178583976494,,450.0,,,2020-05-27,2020-06-25,32.490178583976494,,,,,4.5,F,write_csp
-50.80675285955927,50.80675285955927,,,,2020-06-01,2020-06-08,,35.59960335788919,,-15.20714950167008,,15.0,T,btc_call
37.404912133914166,,,,,2020-06-01,2020-07-04,37.404912133914166,,,,,16.0,T,write_cc
-64.97591612089559,64.97591612089559,,,,2020-06-02,2020-06-09,,20.38923894122886,,-44.58667717966673,,3.6784854435920717,F,btc_call
20.66694338993864,,,,,2020-06-02,2020-07-05,20.66694338993864,,,,,4.5,F,write_cc
-12.731223242822365,12.731223242822365,,,,2020-06-04,2020-06-25,,32.490178583976494,,19.758955341154127,,4.5,F,btc_put
-506.9552285219054,506.9552285219054,,,,2020-06-08,2020-06-14,,98.1316560514121,,-408.8235724704933,,19.5,BAC,btc_call
124.84360761673301,,,,,2020-06-08,2020-07-11,124.84360761673301,,,,,26,BAC,write_cc
39.05250992459672,,500.0,,,2020-06-10,2020-07-09,39.05250992459672,,,,,5.0,F,write_csp
-33.86345376094786,33.86345376094786,,,,2020-06-11,2020-07-11,,124.84360761673301,,90.98015385578515,,26,BAC,btc_call
145.09594055643564,,,,,2020-06-11,2020-07-14,145.09594055643564,,,,,21.5,BAC,write_cc
-14.017824318485372,14.017824318485372,,,,2020-06-17,2020-07-04,,37.404912133914166,,23.387087815428792,,16.0,T,btc_call
28.74310194166947,,,,,2020-06-17,2020-07-20,28.74310194166947,,,,,16.0,T,write_cc
-11.407531850613939,11.407531850613939,,,,2020-06-24,2020-07-20,,28.74310194166947,,17.33557009105553,,16.0,T,btc_call
26.717599255192948,,,,,2020-06-24,2020-07-27,26.717599255192948,,,,,15.5,T,write_cc
-56.14634647345662,56.14634647345662,,,,2020-06-26,2020-07-14,,145.09594055643564,,88.94959408297902,,21.5,BAC,btc_call
110.61498376780028,,,,,2020-06-26,2020-07-29,110.61498376780028,,,,,21.0,BAC,write_cc
,,,,,2020-07-06,2020-07-05,,,,20.66694338993864,,4.5,F,expire_call
23.07089043817998,,,,,2020-07-06,2020-08-08,23.07089043817998,,,,,4.902495460510254,F,write_cc
-500.0,,,500.0,,2020-07-09,2020-07-09,,,,,,5.0,F,assign_put
-7.125796035202036,7.125796035202036,,,,2020-07-09,2020-08-08,,23.07089043817998,,15.945094402977944,,4.902495460510254,F,btc_call
18.370400740448932,,,,,2020-07-09,2020-08-11,18.370400740448932,,,,,4.5,F,write_cc
-25.73717242831881,25.73717242831881,,,,2020-07-17,2020-07-29,,110.61498376780028,,84.87781133948147,,21.0,BAC,btc_call
63.07942169228831,,,,,2020-07-17,2020-08-19,63.07942169228831,,,,,21.0,BAC,write_cc
-6.537519241963485,6.537519241963485,,,,2020-07-20,2020-07-27,,26.717599255192948,,20.180080013229464,,15.5,T,btc_call
17.739840884979596,,,,,2020-07-21,2020-08-23,17.739840884979596,,,,,16.0,T,write_cc
-6.446369033549182,6.446369033549182,,,,2020-07-24,2020-08-23,,17.739840884979596,,11.293471851430414,,16.0,T,btc_call
-53.31637305179324,53.31637305179324,,,,2020-08-04,2020-08-11,,18.370400740448932,,-34.945972311344306,,4.5,F,btc_call
-201.33603594230146,201.33603594230146,,,,2020-08-12,2020-08-19,,63.07942169228831,,-138.25661425001317,,21.0,BAC,btc_call
39.87285472158382,,,,,2020-08-12,2020-09-14,39.87285472158382,,,,,24.0,BAC,write_cc
-11.796071698866228,11.796071698866228,,,,2020-08-17,2020-09-14,,39.87285472158382,,28.076783022717592,,24.0,BAC,btc_call
24.58282201455262,,,,,2020-08-17,2020-09-19,24.58282201455262,,,,,23.5,BAC,write_cc
-7.9638980641220325,7.9638980641220325,,,,2020-08-20,2020-09-19,,24.58282201455262,,16.618923950430585,,23.5,BAC,btc_call
27.875899604017107,,,,,2020-08-20,2020-09-22,27.875899604017107,,,,,22.5,BAC,write_cc
-10.556437336789415,10.556437336789415,,,,2020-09-17,2020-09-22,,27.875899604017107,,17.319462267227692,,22.5,BAC,btc_call
36.52723799658099,,,,,2020-09-17,2020-10-20,36.52723799658099,,,,,23.0,BAC,write_cc
-10.433470677891465,10.433470677891465,,,,2020-09-22,2020-10-20,,36.52723799658099,,26.09376731868953,,23.0,BAC,btc_call
31.91911916337915,,,,,2020-09-22,2020-10-25,31.91911916337915,,,,,22.0,BAC,write_cc
15.115390300585707,,,,,2020-10-08,2020-11-10,15.115390300585707,,,,,5.55171754360199,F,write_cc
-5.742647701985604,5.742647701985604,,,,2020-10-14,2020-10-25,,31.91911916337915,,26.176471461393547,,22.0,BAC,btc_call
40.45486074754487,,,,,2020-10-14,2020-11-16,40.45486074754487,,,,,21.5,BAC,write_cc
15.16117330819986,,,,,2020-10-22,2020-11-24,15.16117330819986,,,,,15.5,T,write_cc
-3.660969255283053,3.660969255283053,,,,2020-10-27,2020-11-24,,15.16117330819986,,11.500204052916807,,15.5,T,btc_call
23.814585564204727,,,,,2020-10-27,2020-11-29,23.814585564204727,,,,,14.5,T,write_cc
-26.230674297064915,26.230674297064915,,,,2020-11-03,2020-11-10,,15.115390300585707,,-11.115283996479208,,5.55171754360199,F,btc_call
16.34299981647951,,,,,2020-11-03,2020-12-06,16.34299981647951,,,,,6.0,F,write_cc
-254.1423203804868,254.1423203804868,,,,2020-11-10,2020-11-16,,40.45486074754487,,-213.68745963294194,,21.5,BAC,btc_call
131.4582485159752,,,,,2020-11-10,2020-12-13,131.4582485159752,,,,,25,BAC,write_cc
-44.29187307519573,44.29187307519573,,,,2020-11-23,2020-11-29,,23.814585564204727,,-20.477287510991005,,14.5,T,btc_call
17.147761826177277,,,,,2020-11-23,2020-12-26,17.147761826177277,,,,,15.5,T,write_cc
-66.33767335519155,66.33767335519155,,,,2020-11-30,2020-12-06,,16.34299981647951,,-49.99467353871205,,6.0,F,btc_call
21.70046122029481,,,,,2020-11-30,2021-01-02,21.70046122029481,,,,,7.0,F,write_cc
-37.43551170889425,37.43551170889425,,,,2020-12-09,2020-12-13,,131.4582485159752,,94.02273680708096,,25,BAC,btc_call
53.58091818164912,,,,,2020-12-09,2021-01-11,53.58091818164912,,,,,26,BAC,write_cc
-6.727321436399891,6.727321436399891,,,,2020-12-14,2021-01-02,,21.70046122029481,,14.973139783894919,,7.0,F,btc_call
17.19146155392588,,,,,2020-12-15,2021-01-17,17.19146155392588,,,,,7.0,F,write_cc
-4.3300487500564255,4.3300487500564255,,,,2020-12-21,2020-12-26,,17.147761826177277,,12.817713076120851,,15.5,T,btc_call
-6.712727303327037,6.712727303327037,,,,2020-12-22,2021-01-17,,17.19146155392588,,10.478734250598842,,7.0,F,btc_call
19.056430587143012,,,,,2020-12-22,2021-01-24,19.056430587143012,,,,,15.5,T,write_cc
2600,,,,29.646381378173828,2021-01-11,,,,26,-364.6381378173828,100,,BAC,sell_lot
,,,,,2021-01-11,2021-01-11,,,,,,26,BAC,assign_call
-1539.2069816589355,,,,,2021-01-11,,,,15.392069816589355,,100,,T,buy_lot
15.979341700363126,,,,,2021-01-11,2021-02-13,15.979341700363126,,,,,7.02462375164032,F,write_cc
-4.97219913813014,4.97219913813014,,,,2021-01-21,2021-01-24,,19.056430587143012,,14.084231449012872,,15.5,T,btc_call
30.233732292393036,,800.0,,,2021-01-25,2021-02-23,30.233732292393036,,,,,8.0,F,write_csp
-145.27826955052942,145.27826955052942,,,,2021-02-08,2021-02-13,,15.979341700363126,,-129.29892785016628,,7.02462375164032,F,btc_call
28.353801498847897,,,,,2021-02-08,2021-03-13,28.353801498847897,,,,,9.0,F,write_cc
-7.154165358787168,7.154165358787168,,,,2021-02-09,2021-02-23,,30.233732292393036,,23.079566933605868,,8.0,F,btc_put
35.088592460729686,,850.0,,,2021-02-09,2021-03-10,35.088592460729686,,,,,8.5,F,write_csp
-7.899430770117011,7.899430770117011,,,,2021-02-22,2021-03-13,,28.353801498847897,,20.454370728730886,,9.0,F,btc_call
-6.088473788341098,6.088473788341098,,,,2021-02-24,2021-03-10,,35.088592460729686,,29.000118672388588,,8.5,F,btc_put
17.27567570786941,,,,,2021-02-24,2021-03-29,17.27567570786941,,,,,9.5,F,write_cc
29.676101137035403,,850.0,,,2021-02-25,2021-03-26,29.676101137035403,,,,,8.5,F,write_csp
-9.059769212754576,9.059769212754576,,,,2021-03-02,2021-03-26,,29.676101137035403,,20.61633192428083,,8.5,F,btc_put
27.974463072814928,,900.0,,,2021-03-02,2021-03-31,27.974463072814928,,,,,9.0,F,write_csp
15.253571166225788,,,,,2021-03-09,2021-04-11,15.253571166225788,,,,,16.5,T,write_cc
-8.775254569780234,8.775254569780234,,,,2021-03-12,2021-03-31,,27.974463072814928,,19.199208503034694,,9.0,F,btc_put
31.2664124060805,,950.0,,,2021-03-12,2021-04-10,31.2664124060805,,,,,9.5,F,write_csp
-5.840088338437099,5.840088338437099,,,,2021-03-23,2021-03-29,,17.27567570786941,,11.435587369432312,,9.5,F,btc_call
32.71769408472451,,,,,2021-03-23,2021-04-25,32.71769408472451,,,,,9.5,F,write_cc
-5.458719089770803,5.458719089770803,,,,2021-03-31,2021-04-11,,15.253571166225788,,9.794852076454985,,16.5,T,btc_call
,,,,,2021-04-12,2021-04-10,,,,31.2664124060805,,9.5,F,expire_put
-12.032292577105608,12.032292577105608,,,,2021-04-12,2021-04-25,,32.71769408472451,,20.685401507618906,,9.5,F,btc_call
27.013102823249334,,,,,2021-04-12,2021-05-15,27.013102823249334,,,,,9.5,F,write_cc
37.22043830708044,,900.0,,,2021-04-12,2021-05-11,37.22043830708044,,,,,9.0,F,write_csp
-9.035523231201736,9.035523231201736,,,,2021-04-19,2021-05-15,,27.013102823249334,,17.977579592047597,,9.5,F,btc_call
21.50519879352064,,,,,2021-04-21,2021-05-24,21.50519879352064,,,,,9.0,F,write_cc
-900.0,,,900.0,,2021-05-11,2021-05-11,,,,,,9.0,F,assign_put
-6.47098771121406,6.47098771121406,,,,2021-05-12,2021-05-24,,21.50519879352064,,15.03421108230658,,9.0,F,btc_call
35.02016863088677,,,,,2021-05-12,2021-06-14,35.02016863088677,,,,,8.557953720092774,F,write_cc
26.469468895634662,,,,,2021-05-18,2021-06-20,26.469468895634662,,,,,17.0,T,write_cc
-9.862162435005795,9.862162435005795,,,,2021-06-01,2021-06-20,,26.469468895634662,,16.60730646062887,,17.0,T,btc_call
19.52907167825444,,,,,2021-06-01,2021-07-04,19.52907167825444,,,,,17.0,T,write_cc
-308.7418057935164,308.7418057935164,,,,2021-06-07,2021-06-14,,35.02016863088677,,-273.72163716262963,,8.557953720092774,F,btc_call
56.92280110551682,,,,,2021-06-07,2021-07-10,56.92280110551682,,,,,12.0,F,write_cc
-6.88569261220775,6.88569261220775,,,,2021-06-14,2021-07-04,,19.52907167825444,,12.64337906604669,,17.0,T,btc_call
25.96135508409496,,,,,2021-06-14,2021-07-17,25.96135508409496,,,,,16.5,T,write_cc
-20.418699603302095,20.418699603302095,,,,2021-06-17,2021-07-10,,56.92280110551682,,36.50410150221472,,12.0,F,btc_call
-4.69097054219092,4.69097054219092,,,,2021-06-17,2021-07-17,,25.96135508409496,,21.270384541904043,,16.5,T,btc_call
44.216274606706385,,,,,2021-06-17,2021-07-20,44.216274606706385,,,,,11.5,F,write_cc
-13.606987672455562,13.606987672455562,,,,2021-06-30,2021-07-20,,44.216274606706385,,30.609286934250825,,11.5,F,btc_call
22.21166196544866,,,,,2021-06-30,2021-08-02,22.21166196544866,,,,,11.5,F,write_cc
-4.5498174814985415,4.5498174814985415,,,,2021-07-06,2021-08-02,,22.21166196544866,,17.66184448395012,,11.5,F,btc_call
17.156126645688154,,,,,2021-07-06,2021-08-08,17.156126645688154,,,,,11.0,F,write_cc
-5.476746243808095,5.476746243808095,,,,2021-07-15,2021-08-08,,17.156126645688154,,11.67938040188006,,11.0,F,btc_call
20.307973430530524,,,,,2021-07-19,2021-08-21,20.307973430530524,,,,,10.030858945846559,F,write_cc
-1.7670915224358819,1.7670915224358819,,,,2021-08-17,2021-08-21,,20.307973430530524,,18.54088190809464,,10.030858945846559,F,btc_call
24.66946679006714,,,,,2021-08-17,2021-09-19,24.66946679006714,,,,,10.0,F,write_cc
-7.595138607363916,7.595138607363916,,,,2021-09-02,2021-09-19,,24.66946679006714,,17.074328182703226,,10.0,F,btc_call
15.18503327150622,,,,,2021-09-02,2021-10-05,15.18503327150622,,,,,10.0,F,write_cc
-5.159075381515943,5.159075381515943,,,,2021-09-10,2021-10-05,,15.18503327150622,,10.025957889990277,,10.0,F,btc_call
21.614228571920833,,,,,2021-09-15,2021-10-18,21.614228571920833,,,,,10.0,F,write_cc
-107.0125781350443,107.0125781350443,,,,2021-10-11,2021-10-18,,21.614228571920833,,-85.39834956312346,,10.0,F,btc_call
30.046205032974214,,,,,2021-10-11,2021-11-13,30.046205032974214,,,,,11.5,F,write_cc
15.981205618346017,,,,,2021-10-29,2021-12-01,15.981205618346017,,,,,15.0,T,write_cc
-6.024657423174196,6.024657423174196,,,,2021-11-08,2021-12-01,,15.981205618346017,,9.956548195171822,,15.0,T,btc_call
,,,,,2021-11-15,2021-11-13,,,,30.046205032974214,,11.5,F,expire_call
46.43519378648033,,,,,2021-11-15,2021-12-18,46.43519378648033,,,,,15.5,F,write_cc
-17.98582999053164,17.98582999053164,,,,2021-11-29,2021-12-18,,46.43519378648033,,28.449363795948692,,15.5,F,btc_call
47.613643304968,,,,,2021-11-29,2022-01-01,47.613643304968,,,,,15.0,F,write_cc
16.671432940954922,,,,,2021-11-30,2022-01-02,16.671432940954922,,,,,13.5,T,write_cc
-6.232845925930874,6.232845925930874,,,,2021-12-15,2022-01-02,,16.671432940954922,,10.438587015024048,,13.5,T,btc_call
26.57422000339573,,,,,2021-12-16,2022-01-18,26.57422000339573,,,,,14.5,T,write_cc
-53.49671741125768,53.49671741125768,,,,2021-12-27,2022-01-01,,47.613643304968,,-5.883074106289676,,15.0,F,btc_call
61.86627575399992,,,,,2021-12-27,2022-01-29,61.86627575399992,,,,,16.0,F,write_cc
-101.6524260293906,101.6524260293906,,,,2022-01-11,2022-01-18,,26.57422000339573,,-75.07820602599486,,14.5,T,btc_call
20.9181803973288,,,,,2022-01-11,2022-02-13,20.9181803973288,,,,,16.5,T,write_cc
-6.72164037841263,6.72164037841263,,,,2022-01-21,2022-02-13,,20.9181803973288,,14.19654001891617,,16.5,T,btc_call
-12.051233581046228,12.051233581046228,,,,2022-01-24,2022-01-29,,61.86627575399992,,49.815042172953696,,16.0,F,btc_call
72.98427442049275,,,,,2022-01-24,2022-02-26,72.98427442049275,,,,,16.0,F,write_cc
36.88774954579426,,,,,2022-01-26,2022-02-28,36.88774954579426,,,,,15.0,T,write_cc
-25.200241775931566,25.200241775931566,,,,2022-02-03,2022-02-26,,72.98427442049275,,47.78403264456119,,16.0,F,btc_call
51.25670844680252,,,,,2022-02-03,2022-03-08,51.25670844680252,,,,,15.5,F,write_cc
-16.990856219920403,16.990856219920403,,,,2022-02-07,2022-03-08,,51.25670844680252,,34.26585222688212,,15.5,F,btc_call
55.50894579125804,,,,,2022-02-07,2022-03-12,55.50894579125804,,,,,14.0,F,write_cc
-11.55624737431653,11.55624737431653,,,,2022-02-16,2022-02-28,,36.88774954579426,,25.331502171477727,,15.0,T,btc_call
33.95677754323625,,,,,2022-02-16,2022-03-21,33.95677754323625,,,,,15.0,T,write_cc
-18.028743211779698,18.028743211779698,,,,2022-02-22,2022-03-12,,55.50894579125804,,37.480202579478345,,14.0,F,btc_call
49.36282315643324,,,,,2022-02-22,2022-03-27,49.36282315643324,,,,,13.5,F,write_cc
-11.764343711712755,11.764343711712755,,,,2022-02-25,2022-03-21,,33.95677754323625,,22.192433831523495,,15.0,T,btc_call
17.21602239662281,,,,,2022-02-25,2022-03-30,17.21602239662281,,,,,15.0,T,write_cc
-5.830529687230546,5.830529687230546,,,,2022-03-01,2022-03-30,,17.21602239662281,,11.385492709392267,,15.0,T,btc_call
16.47120628078511,,,,,2022-03-01,2022-04-03,16.47120628078511,,,,,14.5,T,write_cc
-19.21079445548619,19.21079445548619,,,,2022-03-07,2022-03-27,,49.36282315643324,,30.152028700947046,,13.5,F,btc_call
62.791245003498815,,,,,2022-03-07,2022-04-09,62.791245003498815,,,,,12.5,F,write_cc
-3.694732296825687,3.694732296825687,,,,2022-03-08,2022-04-03,,16.47120628078511,,12.776473983959423,,14.5,T,btc_call
15.332838745381494,,,,,2022-03-08,2022-04-10,15.332838745381494,,,,,14.0,T,write_cc
-17.444086796239766,17.444086796239766,,,,2022-04-04,2022-04-09,,62.791245003498815,,45.34715820725905,,12.5,F,btc_call
36.64735295337023,,,,,2022-04-04,2022-05-07,36.64735295337023,,,,,13.0,F,write_cc
-11.602737651315875,11.602737651315875,,,,2022-04-06,2022-05-07,,36.64735295337023,,25.044615302054353,,13.0,F,btc_call
35.04252156123337,,,,,2022-04-06,2022-05-09,35.04252156123337,,,,,12.0,F,write_cc
,,,,,2022-04-11,2022-04-10,,,,15.332838745381494,,14.0,T,expire_call
27.615031722718708,,,,,2022-04-11,2022-05-14,27.615031722718708,,,,,16.0,T,write_cc
-12.807019381410978,12.807019381410978,,,,2022-04-22,2022-05-09,,35.04252156123337,,22.235502179822394,,12.0,F,btc_call
25.70685400131083,,,,,2022-04-22,2022-05-25,25.70685400131083,,,,,12.0,F,write_cc
-7.732732135746634,7.732732135746634,,,,2022-04-28,2022-05-25,,25.70685400131083,,17.974121865564197,,12.0,F,btc_call
21.10472041742173,,,,,2022-04-28,2022-05-31,21.10472041742173,,,,,11.5,F,write_cc
-11.007703641731093,11.007703641731093,,,,2022-04-29,2022-05-14,,27.615031722718708,,16.607328080987614,,16.0,T,btc_call
42.47696643083927,,,,,2022-04-29,2022-06-01,42.47696643083927,,,,,15.5,T,write_cc
-2.875289706947326,2.875289706947326,,,,2022-05-09,2022-05-31,,21.10472041742173,,18.229430710474404,,11.5,F,btc_call
25.331548757596643,,,,,2022-05-09,2022-06-11,25.331548757596643,,,,,10.5,F,write_cc
-7.88465410157797,7.88465410157797,,,,2022-05-12,2022-06-11,,25.331548757596643,,17.44689465601867,,10.5,F,btc_call
32.26458017614955,,,,,2022-05-12,2022-06-14,32.26458017614955,,,,,9.555398845672608,F,write_cc
-133.85298629489384,133.85298629489384,,,,2022-05-25,2022-06-01,,42.47696643083927,,-91.37601986405457,,15.5,T,btc_call
24.731044721639428,,,,,2022-05-25,2022-06-27,24.731044721639428,,,,,17.5,T,write_cc
-4.748887003593216,4.748887003593216,,,,2022-06-03,2022-06-27,,24.731044721639428,,19.98215771804621,,17.5,T,btc_call
-77.29435451863705,77.29435451863705,,,,2022-06-07,2022-06-14,,32.26458017614955,,-45.0297743424875,,9.555398845672608,F,btc_call
41.35111464600038,,,,,2022-06-07,2022-07-10,41.35111464600038,,,,,11.0,F,write_cc
-14.641852682706835,14.641852682706835,,,,2022-06-10,2022-07-10,,41.35111464600038,,26.70926196329355,,11.0,F,btc_call
41.446887410376696,,,,,2022-06-10,2022-07-13,41.446887410376696,,,,,10.0,F,write_cc
20.64423727429645,,,,,2022-06-14,2022-07-17,20.64423727429645,,,,,16.0,T,write_cc
-9.14729099542313,9.14729099542313,,,,2022-06-16,2022-07-13,,41.446887410376696,,32.29959641495357,,10.0,F,btc_call
33.823174875423504,,,,,2022-06-16,2022-07-19,33.823174875423504,,,,,9.0,F,write_cc
-11.162392585457837,11.162392585457837,,,,2022-07-05,2022-07-19,,33.823174875423504,,22.660782289965667,,9.0,F,btc_call
26.37410760844454,,,,,2022-07-05,2022-08-07,26.37410760844454,,,,,9.0,F,write_cc
-60.26615249194602,60.26615249194602,,,,2022-07-11,2022-07-17,,20.64423727429645,,-39.62191521764957,,16.0,T,btc_call
21.571571470775996,,,,,2022-07-11,2022-08-13,21.571571470775996,,,,,17.5,T,write_cc
-6.971599139619622,6.971599139619622,,,,2022-07-14,2022-08-13,,21.571571470775996,,14.599972331156374,,17.5,T,btc_call
17.485994920251535,,,,,2022-07-14,2022-08-16,17.485994920251535,,,,,17.0,T,write_cc
-6.225036751600266,6.225036751600266,,,,2022-07-21,2022-08-16,,17.485994920251535,,11.26095816865127,,17.0,T,btc_call
28.04419004209997,,,,,2022-07-21,2022-08-23,28.04419004209997,,,,,16.0,T,write_cc
-243.97544780992834,243.97544780992834,,,,2022-08-01,2022-08-07,,26.37410760844454,,-217.6013402014838,,9.0,F,btc_call
38.87804661247216,,,,,2022-08-01,2022-09-03,38.87804661247216,,,,,12.0,F,write_cc
-7.59142822132941,7.59142822132941,,,,2022-08-02,2022-08-23,,28.04419004209997,,20.45276182077056,,16.0,T,btc_call
25.700212575571157,,,,,2022-08-02,2022-09-04,25.700212575571157,,,,,15.5,T,write_cc
-2.3837952211156477,2.3837952211156477,,,,2022-08-19,2022-09-04,,25.700212575571157,,23.31641735445551,,15.5,T,btc_call
-15.125221458702676,15.125221458702676,,,,2022-08-26,2022-09-03,,38.87804661247216,,23.752825153769486,,12.0,F,btc_call
44.991544882201055,,,,,2022-08-26,2022-09-28,44.991544882201055,,,,,12.0,F,write_cc
-16.26470343389874,16.26470343389874,,,,2022-09-06,2022-09-28,,44.991544882201055,,28.726841448302313,,12.0,F,btc_call
24.154479021519528,,,,,2022-09-06,2022-10-09,24.154479021519528,,,,,12.0,F,write_cc
-9.531227016150812,9.531227016150812,,,,2022-09-16,2022-10-09,,24.154479021519528,,14.623252005368716,,12.0,F,btc_call
28.52536897587101,,,,,2022-09-16,2022-10-19,28.52536897587101,,,,,11.5,F,write_cc
-8.114160911890234,8.114160911890234,,,,2022-09-22,2022-10-19,,28.52536897587101,,20.411208063980776,,11.5,F,btc_call
45.67446166354942,,,,,2022-09-22,2022-10-25,45.67446166354942,,,,,10.0,F,write_cc
-17.586566742772327,17.586566742772327,,,,2022-09-27,2022-10-25,,45.67446166354942,,28.087894920777096,,10.0,F,btc_call
34.70068563019688,,,,,2022-09-27,2022-10-30,34.70068563019688,,,,,9.5,F,write_cc
15.372285039380174,,,,,2022-09-27,2022-10-30,15.372285039380174,,,,,13.0,T,write_cc
-4.816359251282276,4.816359251282276,,,,2022-10-10,2022-10-30,,15.372285039380174,,10.555925788097898,,13.0,T,btc_call
17.748862766515572,,,,,2022-10-11,2022-11-13,17.748862766515572,,,,,12.5,T,write_cc
-8.988768544908421,8.988768544908421,,,,2022-10-20,2022-10-30,,34.70068563019688,,25.71191708528846,,9.5,F,btc_call
29.967952799831643,,,,,2022-10-20,2022-11-22,29.967952799831643,,,,,9.5,F,write_cc
-246.75533821966093,246.75533821966093,,,,2022-11-07,2022-11-13,,17.748862766515572,,-229.00647545314536,,12.5,T,btc_call
37.18881797389591,,,,,2022-11-07,2022-12-10,37.18881797389591,,,,,15.5,T,write_cc
-138.35735258133735,138.35735258133735,,,,2022-11-15,2022-11-22,,29.967952799831643,,-108.38939978150572,,9.5,F,btc_call
23.262294424104457,,,,,2022-11-15,2022-12-18,23.262294424104457,,,,,11.5,F,write_cc
-12.66314474766217,12.66314474766217,,,,2022-11-28,2022-12-10,,37.18881797389591,,24.52567322623374,,15.5,T,btc_call
-5.067294928574162,5.067294928574162,,,,2022-11-28,2022-12-18,,23.262294424104457,,18.194999495530297,,11.5,F,btc_call
22.069301258669594,,,,,2022-11-28,2022-12-31,22.069301258669594,,,,,11.0,F,write_cc
-6.444914047125816,6.444914047125816,,,,2022-12-07,2022-12-31,,22.069301258669594,,15.624387211543777,,11.0,F,btc_call
21.435491205172763,,,,,2022-12-07,2023-01-09,21.435491205172763,,,,,10.5,F,write_cc
-6.937338912645519,6.937338912645519,,,,2022-12-15,2023-01-09,,21.435491205172763,,14.498152292527244,,10.5,F,btc_call
25.288801864425547,,,,,2022-12-16,2023-01-18,25.288801864425547,,,,,9.500733728408814,F,write_cc
-9.456769230786865,9.456769230786865,,,,2022-12-20,2023-01-18,,25.288801864425547,,15.832032633638683,,9.500733728408814,F,btc_call
24.83218103746796,,,,,2022-12-20,2023-01-22,24.83218103746796,,,,,9.0,F,write_cc
16.288051667484194,,,,,2022-12-22,2023-01-24,16.288051667484194,,,,,15.5,T,write_cc
-67.48747618829896,67.48747618829896,,,,2023-01-17,2023-01-22,,24.83218103746796,,-42.655295150830995,,9.0,F,btc_call
-52.91548318680057,52.91548318680057,,,,2023-01-17,2023-01-24,,16.288051667484194,,-36.627431519316374,,15.5,T,btc_call
42.86635542753716,,,,,2023-01-17,2023-02-19,42.86635542753716,,,,,10.0,F,write_cc
31.817106466509504,,,,,2023-01-25,2023-02-27,31.817106466509504,,,,,17.5,T,write_cc
-8.549080427285505,8.549080427285505,,,,2023-02-06,2023-02-27,,31.817106466509504,,23.268026039223997,,17.5,T,btc_call
27.598513635756916,,,,,2023-02-06,2023-03-11,27.598513635756916,,,,,17.0,T,write_cc
-65.0919436463532,65.0919436463532,,,,2023-02-13,2023-02-19,,42.86635542753716,,-22.225588218816043,,10.0,F,btc_call
44.000930639212314,,,,,2023-02-13,2023-03-18,44.000930639212314,,,,,11.0,F,write_cc
-7.423708110973903,7.423708110973903,,,,2023-02-21,2023-03-11,,27.598513635756916,,20.17480552478301,,17.0,T,btc_call
-13.243604714327839,13.243604714327839,,,,2023-02-21,2023-03-18,,44.000930639212314,,30.757325924884476,,11.0,F,btc_call
31.184574511455754,,,,,2023-02-21,2023-03-26,31.184574511455754,,,,,10.5,F,write_cc
29.68931910933863,,,,,2023-02-21,2023-03-26,29.68931910933863,,,,,16.5,T,write_cc
-9.95381487596454,9.95381487596454,,,,2023-02-24,2023-03-26,,29.68931910933863,,19.73550423337409,,16.5,T,btc_call
-6.813584926838745,6.813584926838745,,,,2023-03-10,2023-03-26,,31.184574511455754,,24.370989584617007,,10.5,F,btc_call
16.303672133584215,,,,,2023-03-10,2023-04-12,16.303672133584215,,,,,10.5,F,write_cc
-6.289737904337089,6.289737904337089,,,,2023-03-15,2023-04-12,,16.303672133584215,,10.013934229247125,,10.5,F,btc_call
18.3785509876897,,,,,2023-03-15,2023-04-17,18.3785509876897,,,,,10.0,F,write_cc
-38.00951049044015,38.00951049044015,,,,2023-04-10,2023-04-17,,18.3785509876897,,-19.63095950275045,,10.0,F,btc_call
19.00968963705334,,,,,2023-04-10,2023-05-13,19.00968963705334,,,,,11.0,F,write_cc
-4.70767336062845,4.70767336062845,,,,2023-04-19,2023-05-13,,19.00968963705334,,14.30201627642489,,11.0,F,btc_call
17.583471548837217,,,,,2023-04-19,2023-05-22,17.583471548837217,,,,,10.5,F,write_cc
44.802484330832826,,,,,2023-04-20,2023-05-23,44.802484330832826,,,,,15.5,T,write_cc
-6.853545962836738,6.853545962836738,,,,2023-04-21,2023-05-22,,17.583471548837217,,10.72992558600048,,10.5,F,btc_call
18.228855084328586,,,,,2023-04-21,2023-05-24,18.228855084328586,,,,,10.0,F,write_cc
-15.954046089703455,15.954046089703455,,,,2023-05-04,2023-05-23,,44.802484330832826,,28.848438241129372,,15.5,T,btc_call
43.916995999697846,,,,,2023-05-04,2023-06-06,43.916995999697846,,,,,15.0,T,write_cc
-6.691952931130185,6.691952931130185,,,,2023-05-12,2023-05-24,,18.228855084328586,,11.536902153198401,,10.0,F,btc_call
18.703647354441877,,,,,2023-05-12,2023-06-14,18.703647354441877,,,,,10.0,F,write_cc
-1.741156956048262,1.741156956048262,,,,2023-05-19,2023-06-06,,43.916995999697846,,42.17583904364958,,15.0,T,btc_call
-5.069856495702441,5.069856495702441,,,,2023-05-24,2023-06-14,,18.703647354441877,,13.633790858739436,,10.0,F,btc_call
21.1536185981386,,,,,2023-05-24,2023-06-26,21.1536185981386,,,,,9.559280834197999,F,write_cc
19.234929931698332,,,,,2023-05-26,2023-06-28,19.234929931698332,,,,,13.5,T,write_cc
-208.8896313243426,208.8896313243426,,,,2023-06-20,2023-06-26,,21.1536185981386,,-187.736012726204,,9.559280834197999,F,btc_call
40.08510276223802,,,,,2023-06-20,2023-07-23,40.08510276223802,,,,,12.0,F,write_cc
-7.2274895948763795,7.2274895948763795,,,,2023-06-21,2023-06-28,,19.234929931698332,,12.007440336821952,,13.5,T,btc_call
29.729098431262013,,,,,2023-06-21,2023-07-24,29.729098431262013,,,,,13.5,T,write_cc
-2.5843123197607065,2.5843123197607065,,,,2023-07-10,2023-07-24,,29.729098431262013,,27.144786111501308,,13.5,T,btc_call
-3.7326920592105406,3.7326920592105406,,,,2023-07-17,2023-07-23,,40.08510276223802,,36.35241070302748,,12.0,F,btc_call
23.48994362625745,,,,,2023-07-17,2023-08-19,23.48994362625745,,,,,12.0,F,write_cc
24.768032273965,,,,,2023-07-17,2023-08-19,24.768032273965,,,,,12.0,T,write_cc
-4.444551242575612,4.444551242575612,,,,2023-07-28,2023-08-19,,23.48994362625745,,19.045392383681836,,12.0,F,btc_call
19.11608937439624,,,,,2023-07-28,2023-08-30,19.11608937439624,,,,,11.5,F,write_cc
-7.5161182999560205,7.5161182999560205,,,,2023-08-07,2023-08-30,,19.11608937439624,,11.59997107444022,,11.5,F,btc_call
23.58027198246262,,,,,2023-08-08,2023-09-10,23.58027198246262,,,,,11.0,F,write_cc
-8.44375567932303,8.44375567932303,,,,2023-08-10,2023-09-10,,23.58027198246262,,15.13651630313959,,11.0,F,btc_call
20.77796302171606,,,,,2023-08-10,2023-09-12,20.77796302171606,,,,,10.5,F,write_cc
-5.50173038748436,5.50173038748436,,,,2023-08-16,2023-09-12,,20.77796302171606,,15.2762326342317,,10.5,F,btc_call
-4.15108775499764,4.15108775499764,,,,2023-08-17,2023-08-19,,24.768032273965,,20.61694451896736,,12.0,T,btc_call
17.13655868971489,,,,,2023-08-24,2023-09-26,17.13655868971489,,,,,10.021555728912354,F,write_cc
-38.96469274902117,38.96469274902117,,,,2023-09-19,2023-09-26,,17.13655868971489,,-21.82813405930628,,10.021555728912354,F,btc_call
18.269334743678467,,,,,2023-09-21,2023-10-24,18.269334743678467,,,,,13.5,T,write_cc
-7.292708614241183,7.292708614241183,,,,2023-09-27,2023-10-24,,18.269334743678467,,10.976626129437284,,13.5,T,btc_call
16.64316263443073,,,,,2023-10-03,2023-11-05,16.64316263443073,,,,,13.0,T,write_cc
-6.198030677580535,6.198030677580535,,,,2023-10-18,2023-11-05,,16.64316263443073,,10.445131956850195,,13.0,T,btc_call
21.582147936375897,,,,,2023-10-19,2023-11-21,21.582147936375897,,,,,14.0,T,write_cc
36.277520247245846,,,,,2023-10-27,2023-11-29,36.277520247245846,,,,,8.5,F,write_cc
-7.467302604864479,7.467302604864479,,,,2023-11-17,2023-11-21,,21.582147936375897,,14.114845331511418,,14.0,T,btc_call
16.632165224563256,,,,,2023-11-17,2023-12-20,16.632165224563256,,,,,14.5,T,write_cc
-37.903420639069466,37.903420639069466,,,,2023-11-24,2023-11-29,,36.277520247245846,,-1.6259003918236203,,8.5,F,btc_call
50.0692680142044,,,,,2023-11-24,2023-12-27,50.0692680142044,,,,,9.008451023101808,F,write_cc
-4.985407003296594,4.985407003296594,,,,2023-11-28,2023-12-20,,16.632165224563256,,11.646758221266662,,14.5,T,btc_call
-19.908991646591545,19.908991646591545,,,,2023-11-30,2023-12-27,,50.0692680142044,,30.160276367612852,,9.008451023101808,F,btc_call
23.663443488237277,,,,,2023-11-30,2024-01-02,23.663443488237277,,,,,9.0,F,write_cc
-147.01559060713922,147.01559060713922,,,,2023-12-26,2024-01-02,,23.663443488237277,,-123.35214711890194,,9.0,F,btc_call
22.974503505652155,,,,,2023-12-26,2024-01-28,22.974503505652155,,,,,11.0,F,write_cc
-5.283985208184716,5.283985208184716,,,,2024-01-03,2024-01-28,,22.974503505652155,,17.690518297467438,,11.0,F,btc_call
17.81387455561596,,,,,2024-01-03,2024-02-05,17.81387455561596,,,,,10.5,F,write_cc
17.674165703232347,,,,,2024-01-03,2024-02-05,17.674165703232347,,,,,15.5,T,write_cc
-3.0285896049753847,3.0285896049753847,,,,2024-01-11,2024-02-05,,17.674165703232347,,14.645576098256964,,15.5,T,btc_call
-6.891596937332367,6.891596937332367,,,,2024-01-16,2024-02-05,,17.81387455561596,,10.922277618283594,,10.5,F,btc_call
26.81400816254027,,,,,2024-01-16,2024-02-18,26.81400816254027,,,,,10.0,F,write_cc
-10.445992398081794,10.445992398081794,,,,2024-01-17,2024-02-18,,26.81400816254027,,16.368015764458477,,10.0,F,btc_call
17.45582266058001,,,,,2024-01-17,2024-02-19,17.45582266058001,,,,,15.0,T,write_cc
18.23123487483853,,,,,2024-01-18,2024-02-20,18.23123487483853,,,,,9.519507150650025,F,write_cc
-114.82781147876473,114.82781147876473,,,,2024-02-13,2024-02-20,,18.23123487483853,,-96.5965766039262,,9.519507150650025,F,btc_call
37.116224992942826,,,,,2024-02-13,2024-03-17,37.116224992942826,,,,,11.0,F,write_cc
,,,,,2024-02-20,2024-02-19,,,,17.45582266058001,,15.0,T,expire_call
22.83648302194301,,,,,2024-02-20,2024-03-24,22.83648302194301,,,,,15.5,T,write_cc
-12.759602251896585,12.759602251896585,,,,2024-02-26,2024-03-17,,37.116224992942826,,24.35662274104624,,11.0,F,btc_call
-7.33177666944238,7.33177666944238,,,,2024-02-26,2024-03-24,,22.83648302194301,,15.50470635250063,,15.5,T,btc_call
21.39255859606486,,,,,2024-02-26,2024-03-30,21.39255859606486,,,,,11.0,F,write_cc
15.068353934362655,,,,,2024-02-27,2024-03-31,15.068353934362655,,,,,15.5,T,write_cc
-8.205104428906917,8.205104428906917,,,,2024-03-08,2024-03-30,,21.39255859606486,,13.187454167157941,,11.0,F,btc_call
17.14184945872006,,,,,2024-03-13,2024-04-15,17.14184945872006,,,,,11.003976812362671,F,write_cc
-5.842454355476878,5.842454355476878,,,,2024-03-21,2024-03-31,,15.068353934362655,,9.225899578885777,,15.5,T,btc_call
-61.71982599695145,61.71982599695145,,,,2024-04-08,2024-04-15,,17.14184945872006,,-44.57797653823139,,11.003976812362671,F,btc_call
30.801044127531352,,,,,2024-04-08,2024-05-11,30.801044127531352,,,,,12.0,F,write_cc
-12.15168002530933,12.15168002530933,,,,2024-04-12,2024-05-11,,30.801044127531352,,18.649364102222023,,12.0,F,btc_call
26.19916436921916,,,,,2024-04-12,2024-05-15,26.19916436921916,,,,,11.5,F,write_cc
-8.298022340699518,8.298022340699518,,,,2024-04-19,2024-05-15,,26.19916436921916,,17.901142028519644,,11.5,F,btc_call
23.240317183192218,,,,,2024-04-19,2024-05-22,23.240317183192218,,,,,11.0,F,write_cc
-8.283116258594303,8.283116258594303,,,,2024-05-10,2024-05-22,,23.240317183192218,,14.957200924597915,,11.0,F,btc_call
22.837681352618677,,,,,2024-05-10,2024-06-12,22.837681352618677,,,,,11.0,F,write_cc
-8.216821035179578,8.216821035179578,,,,2024-05-22,2024-06-12,,22.837681352618677,,14.6208603174391,,11.0,F,btc_call
15.653033727838217,,,,,2024-05-23,2024-06-25,15.653033727838217,,,,,11.0,F,write_cc
-5.077577926793597,5.077577926793597,,,,2024-05-29,2024-06-25,,15.653033727838217,,10.575455801044619,,11.0,F,btc_call
17.868149951603574,,,,,2024-05-29,2024-07-01,17.868149951603574,,,,,10.5,F,write_cc
16.861388598900895,,,,,2024-06-06,2024-07-09,16.861388598900895,,,,,17.0,T,write_cc
-5.018589946869856,5.018589946869856,,,,2024-06-12,2024-07-09,,16.861388598900895,,11.842798652031039,,17.0,T,btc_call
16.159908445412263,,,,,2024-06-12,2024-07-15,16.159908445412263,,,,,16.5,T,write_cc
-46.43817428073245,46.43817428073245,,,,2024-06-28,2024-07-01,,17.868149951603574,,-28.570024329128874,,10.5,F,btc_call
19.08112571118341,,,,,2024-07-01,2024-08-03,19.08112571118341,,,,,11.5,F,write_cc
-42.78237156695894,42.78237156695894,,,,2024-07-08,2024-07-15,,16.159908445412263,,-26.62246312154668,,16.5,T,btc_call
18.308832091231952,,,,,2024-07-24,2024-08-26,18.308832091231952,,,,,18.5,T,write_cc
-5.177183173997202,5.177183173997202,,,,2024-07-25,2024-08-03,,19.08112571118341,,13.903942537186209,,11.5,F,btc_call
77.65194745264417,,,,,2024-07-25,2024-08-27,77.65194745264417,,,,,10.048175640106201,F,write_cc
-28.843354683848244,28.843354683848244,,,,2024-08-02,2024-08-27,,77.65194745264417,,48.80859276879592,,10.048175640106201,F,btc_call
70.61330744177741,,,,,2024-08-02,2024-09-04,70.61330744177741,,,,,9.030752811431885,F,write_cc
-4.256391723533359,4.256391723533359,,,,2024-08-15,2024-08-26,,18.308832091231952,,14.052440367698594,,18.5,T,btc_call
20.314429498352915,,,,,2024-08-15,2024-09-17,20.314429498352915,,,,,18.5,T,write_cc
-78.15593065565648,78.15593065565648,,,,2024-08-28,2024-09-04,,70.61330744177741,,-7.542623213879068,,9.030752811431885,F,btc_call
18.503209136229604,,,,,2024-08-28,2024-09-30,18.503209136229604,,,,,10.5,F,write_cc
-7.391372237183891,7.391372237183891,,,,2024-09-03,2024-09-30,,18.503209136229604,,11.111836899045713,,10.5,F,btc_call
21.722922138718914,,,,,2024-09-03,2024-10-06,21.722922138718914,,,,,10.040096349716187,F,write_cc
-7.308803928343233,7.308803928343233,,,,2024-09-09,2024-10-06,,21.722922138718914,,14.414118210375682,,10.040096349716187,F,btc_call
-130.3244312686978,130.3244312686978,,,,2024-09-10,2024-09-17,,20.314429498352915,,-110.01000177034487,,18.5,T,btc_call
17.354584986098367,,,,,2024-09-10,2024-10-13,17.354584986098367,,,,,9.5,F,write_cc
15.603553327973962,,,,,2024-09-12,2024-10-15,15.603553327973962,,,,,20.5,T,write_cc
-5.861642240337739,5.861642240337739,,,,2024-10-07,2024-10-13,,17.354584986098367,,11.492942745760628,,9.5,F,btc_call
-3.8248025453301526,3.8248025453301526,,,,2024-10-07,2024-10-15,,15.603553327973962,,11.77875078264381,,20.5,T,btc_call
15.408877542385113,,,,,2024-10-11,2024-11-13,15.408877542385113,,,,,20.5,T,write_cc
16.541165827626656,,,,,2024-10-14,2024-11-16,16.541165827626656,,,,,10.0,F,write_cc
-4.849621897484502,4.849621897484502,,,,2024-10-22,2024-11-13,,15.408877542385113,,10.559255644900611,,20.5,T,btc_call
16.507936207187335,,,,,2024-10-24,2024-11-26,16.507936207187335,,,,,21.5,T,write_cc
-4.718405170365658,4.718405170365658,,,,2024-10-31,2024-11-16,,16.541165827626656,,11.822760657260998,,10.0,F,btc_call
26.351450027293268,,,,,2024-10-31,2024-12-03,26.351450027293268,,,,,9.5,F,write_cc
-2.4158371582196025,2.4158371582196025,,,,2024-11-25,2024-11-26,,16.507936207187335,,14.092099048967732,,21.5,T,btc_call
-56.17645633550845,56.17645633550845,,,,2024-11-26,2024-12-03,,26.351450027293268,,-29.82500630821518,,9.5,F,btc_call
33.742827740577354,,,,,2024-11-26,2024-12-29,33.742827740577354,,,,,10.5,F,write_cc
-12.608684465272724,12.608684465272724,,,,2024-12-02,2024-12-29,,33.742827740577354,,21.13414327530463,,10.5,F,btc_call
15.587333175966078,,,,,2024-12-02,2025-01-04,15.587333175966078,,,,,10.5,F,write_cc
20.29417719945812,,,,,2024-12-03,2025-01-05,20.29417719945812,,,,,23.0,T,write_cc
-5.587696058124791,5.587696058124791,,,,2024-12-05,2025-01-04,,15.587333175966078,,9.999637117841287,,10.5,F,btc_call
15.537258730697667,,,,,2024-12-05,2025-01-07,15.537258730697667,,,,,10.0,F,write_cc
-5.592762155134867,5.592762155134867,,,,2024-12-12,2025-01-07,,15.537258730697667,,9.9444965755628,,10.0,F,btc_call
-4.719027818206123,4.719027818206123,,,,2024-12-16,2025-01-05,,20.29417719945812,,15.575149381251997,,23.0,T,btc_call
31.510177679601625,,,,,2024-12-16,2025-01-18,31.510177679601625,,,,,22.0,T,write_cc
18.07778611531594,,,,,2024-12-18,2025-01-20,18.07778611531594,,,,,9.0,F,write_cc
-12.04771160720548,12.04771160720548,,,,2024-12-30,2025-01-18,,31.510177679601625,,19.462466072396147,,22.0,T,btc_call
23.37292707045604,,,,,2024-12-30,2025-02-01,23.37292707045604,,,,,22.0,T,write_cc
