cash_change,close_price,collateral,cost,cost_basis,date,expiry,premium,premium_collected,price,realized_pnl,reason,shares,strike,ticker,type
-664.1078472137451,,,,,2020-01-03,,,,6.641078472137451,,,100,,F,buy_lot
-1863.4342193603516,,,,,2020-01-03,,,,18.634342193603516,,,100,,T,buy_lot
-2644.0689086914062,,,,,2020-01-03,,,,26.440689086914062,,,100,,PFE,buy_lot
-2964.638137817383,,,,,2020-01-03,,,,29.646381378173828,,,100,,BAC,buy_lot
-465.93772172927856,,,,,2020-01-03,,,,6.641078472137451,,,70.15994821987326,,F,buy_directional
-465.93772172927856,,,,,2020-01-03,,,,18.634342193603516,,,25.00424844023836,,T,buy_directional
-465.93772172927856,,,,,2020-01-03,,,,29.646381378173828,,,15.716512439940136,,BAC,buy_directional
-465.93772172927856,,,,,2020-01-06,,,,26.40673065185547,,,17.644657639454486,,PFE,buy_directional
15.218653978580043,,,,,2020-02-05,2020-03-09,15.218653978580043,,,,,,28.284465179443362,PFE,write_cc
-2.726160711017367,2.726160711017367,,,,2020-02-13,2020-03-09,,15.218653978580043,,12.492493267562676,,,28.284465179443362,PFE,btc_call
22.123571875386983,,,,,2020-02-24,2020-03-28,22.123571875386983,,,,,,30.027284774780277,BAC,write_cc
-6.5998108331565275,6.5998108331565275,,,,2020-02-26,2020-03-28,,22.123571875386983,,15.523761042230454,,,30.027284774780277,BAC,btc_call
15.594543475376188,,,,,2020-02-26,2020-03-30,15.594543475376188,,,,,,25.727983016967777,PFE,write_cc
30.25075125226273,,,,,2020-02-26,2020-03-30,30.25075125226273,,,,,,28.100694122314454,BAC,write_cc
-3.355218367773416,3.355218367773416,,,,2020-02-27,2020-03-30,,15.594543475376188,,12.239325107602772,,,25.727983016967777,PFE,btc_call
-8.891478720019542,8.891478720019542,,,,2020-02-28,2020-03-30,,30.25075125226273,,21.35927253224319,,,28.100694122314454,BAC,btc_call
36.684096857411404,,,,,2020-02-28,2020-04-01,36.684096857411404,,,,,,26.146584777832032,BAC,write_cc
15.398648349452149,,,,,2020-03-02,2020-04-04,15.398648349452149,,,,,,19.497410430908204,T,write_cc
17.27120841592784,,,,,2020-03-02,2020-04-04,17.27120841592784,,,,,,25.846540603637695,PFE,write_cc
16.422863704836278,,,,,2020-03-04,2020-04-06,16.422863704836278,,,,,,5.5,F,write_cc
-6.863388275205695,6.863388275205695,,,,2020-03-06,2020-04-01,,36.684096857411404,,29.82070858220571,,,26.146584777832032,BAC,btc_call
-1.8736047164407188,1.8736047164407188,,,,2020-03-06,2020-04-06,,16.422863704836278,,14.54925898839556,,,5.5,F,btc_call
47.367181165627684,,,,,2020-03-06,2020-04-08,47.367181165627684,,,,,,23.737472534179688,BAC,write_cc
15.105747489027843,,,,,2020-03-10,2020-04-12,15.105747489027843,,,,,,4.957937107086182,F,write_cc
-3.1699996601806335,3.1699996601806335,,,,2020-03-12,2020-04-04,,15.398648349452149,,12.228648689271516,,,19.497410430908204,T,btc_call
-3.693377582932089,3.693377582932089,,,,2020-03-12,2020-04-04,,17.27120841592784,,13.577830832995751,,,25.846540603637695,PFE,btc_call
-14.302251341067462,14.302251341067462,,,,2020-03-12,2020-04-08,,47.367181165627684,,33.064929824560224,,,23.737472534179688,BAC,btc_call
-3.496067440906181,3.496067440906181,,,,2020-03-12,2020-04-12,,15.105747489027843,,11.609680048121662,,,4.957937107086182,F,btc_call
16.822774605457134,,,,,2020-03-12,2020-04-14,16.822774605457134,,,,,,4.237213983535767,F,write_cc
53.25362274314873,,,,,2020-03-12,2020-04-14,53.25362274314873,,,,,,16.429633483886718,T,write_cc
60.62032743723549,,,,,2020-03-12,2020-04-14,60.62032743723549,,,,,,22.245215377807618,PFE,write_cc
107.67429523466276,,,,,2020-03-12,2020-04-14,107.67429523466276,,,,,,18.93642791748047,BAC,write_cc
31.267540601502652,,400.0,,,2020-03-12,2020-04-10,31.267540601502652,,,,,,4.0,F,write_csp
-446.10446953719617,,,,,2020-03-12,,,,34.988155364990234,,,12.750156871190077,,GE,buy_directional
,,,,,2020-04-13,2020-04-10,,,,31.267540601502652,,,4.0,F,expire_put
,,,,,2020-04-14,2020-04-14,,,,16.822774605457134,,,4.237213983535767,F,expire_call
,,,,,2020-04-14,2020-04-14,,,,53.25362274314873,,,16.429633483886718,T,expire_call
2224.5215377807617,,,,26.440689086914062,2020-04-14,,,,22.245215377807618,-419.54737091064453,,100,,PFE,sell_lot
,,,,,2020-04-14,2020-04-14,,,,,,,22.245215377807618,PFE,assign_call
1893.6427917480469,,,,29.646381378173828,2020-04-14,,,,18.93642791748047,-1070.995346069336,,100,,BAC,sell_lot
,,,,,2020-04-14,2020-04-14,,,,,,,18.93642791748047,BAC,assign_call
-387.9345893859863,,,,,2020-04-14,,,,3.8793458938598633,,,100,,F,buy_lot
-1546.9587326049805,,,,,2020-04-14,,,,15.469587326049805,,,100,,T,buy_lot
-2028.646469116211,,,,,2020-04-14,,,,20.28646469116211,,,100,,BAC,buy_lot
43.278045816329815,,,,,2020-04-14,2020-05-17,43.278045816329815,,,,,,4.1896935653686525,F,write_cc
94.49622601865366,,,,,2020-04-14,2020-05-17,94.49622601865366,,,,,,16.70715431213379,T,write_cc
213.20762728191198,,,,,2020-04-14,2020-05-17,213.20762728191198,,,,,,21.909381866455078,BAC,write_cc
32.61814312635283,,350.0,,,2020-04-14,2020-05-13,32.61814312635283,,,,,,3.5,F,write_csp
-34.533158519544486,34.533158519544486,,,,2020-04-21,2020-05-17,,94.49622601865366,,59.96306749910917,,,16.70715431213379,T,btc_call
-81.46093995989307,81.46093995989307,,,,2020-04-21,2020-05-17,,213.20762728191198,,131.74668732201891,,,21.909381866455078,BAC,btc_call
62.63190766517681,,,,,2020-04-21,2020-05-24,62.63190766517681,,,,,,16.03092555999756,T,write_cc
158.4155442049207,,,,,2020-04-21,2020-05-24,158.4155442049207,,,,,,19.979734268188476,BAC,write_cc
-15.91998711304533,15.91998711304533,,,,2020-04-22,2020-05-17,,43.278045816329815,,27.358058703284485,,,4.1896935653686525,F,btc_call
32.763262511460134,,,,,2020-04-22,2020-05-25,32.763262511460134,,,,,,3.777852516174317,F,write_cc
-10.072230309037478,10.072230309037478,,,,2020-04-27,2020-05-13,,32.61814312635283,,22.545912817315347,,,3.5,F,btc_put
35.01182285732134,,400.0,,,2020-04-28,2020-05-27,35.01182285732134,,,,,,4.0,F,write_csp
-19.40844593316191,19.40844593316191,,,,2020-05-04,2020-05-24,,62.63190766517681,,43.2234617320149,,,16.03092555999756,T,btc_call
37.48013183178989,,,,,2020-05-04,2020-06-06,37.48013183178989,,,,,,15.886016235351564,T,write_cc
-11.351698813217137,11.351698813217137,,,,2020-05-06,2020-05-25,,32.763262511460134,,21.411563698242997,,,3.777852516174317,F,btc_call
-13.936193175281453,13.936193175281453,,,,2020-05-06,2020-06-06,,37.48013183178989,,23.543938656508438,,,15.886016235351564,T,btc_call
23.48424124764601,,,,,2020-05-06,2020-06-08,23.48424124764601,,,,,,15.45129650115967,T,write_cc
20.80455302596791,,,,,2020-05-08,2020-06-10,20.80455302596791,,,,,,4.0,F,write_cc
-57.84713028259114,57.84713028259114,,,,2020-05-11,2020-05-24,,158.4155442049207,,100.56841392232957,,,19.979734268188476,BAC,btc_call
78.29611213580287,,,,,2020-05-11,2020-06-13,78.29611213580287,,,,,,20.8476123046875,BAC,write_cc
-5.569766184837189,5.569766184837189,,,,2020-05-13,2020-06-10,,20.80455302596791,,15.23478684113072,,,4.0,F,btc_call
-9.225843679538759,9.225843679538759,,,,2020-05-15,2020-06-08,,23.48424124764601,,14.258397568107252,,,15.45129650115967,T,btc_call
19.459450421123627,,,,,2020-05-15,2020-06-17,19.459450421123627,,,,,,15.193688049316407,T,write_cc
16.522183014152446,,,,,2020-05-18,2020-06-20,16.522183014152446,,,,,,4.2055331897735595,F,write_cc
-11.706720228544821,11.706720228544821,,,,2020-05-20,2020-05-27,,35.01182285732134,,23.30510262877652,,,4.0,F,btc_put
25.08803306292564,,400.0,,,2020-05-20,2020-06-18,25.08803306292564,,,,,,4.0,F,write_csp
-8.072012736215328,8.072012736215328,,,,2020-05-27,2020-06-18,,25.08803306292564,,17.01602032671031,,,4.0,F,btc_put
32.490178583976494,,450.0,,,2020-05-27,2020-06-25,32.490178583976494,,,,,,4.5,F,write_csp
-12.731223242822365,12.731223242822365,,,,2020-06-04,2020-06-25,,32.490178583976494,,19.758955341154127,,,4.5,F,btc_put
-372.77257463933324,372.77257463933324,,,,2020-06-08,2020-06-13,,78.29611213580287,,-294.47646250353034,,,20.8476123046875,BAC,btc_call
107.4387523701196,,,,,2020-06-08,2020-07-11,107.4387523701196,,,,,,26.534118576049806,BAC,write_cc
-82.31394557487289,82.31394557487289,,,,2020-06-10,2020-06-17,,19.459450421123627,,-62.85449515374926,,,15.193688049316407,T,btc_call
19.32009439422675,,,,,2020-06-10,2020-07-13,19.32009439422675,,,,,,17.249209098815918,T,write_cc
-28.219210553889653,28.219210553889653,,,,2020-06-11,2020-07-11,,107.4387523701196,,79.21954181622995,,,26.534118576049806,BAC,btc_call
118.7690275437019,,,,,2020-06-11,2020-07-14,118.7690275437019,,,,,,22.248119888305666,BAC,write_cc
40.286777747245004,,450.0,,,2020-06-11,2020-07-10,40.286777747245004,,,,,,4.5,F,write_csp
-57.61308328042598,57.61308328042598,,,,2020-06-15,2020-06-20,,16.522183014152446,,-41.090900266273536,,,4.2055331897735595,F,btc_call
34.189701411188,,,,,2020-06-15,2020-07-18,34.189701411188,,,,,,5.0,F,write_cc
-5.014014141252954,5.014014141252954,,,,2020-06-17,2020-07-13,,19.32009439422675,,14.306080252973796,,,17.249209098815918,T,btc_call
22.96286934815508,,,,,2020-06-17,2020-07-20,22.96286934815508,,,,,,16.240231590270998,T,write_cc
-12.52080528118289,12.52080528118289,,,,2020-06-24,2020-07-18,,34.189701411188,,21.66889613000511,,,5.0,F,btc_call
-8.29839559160721,8.29839559160721,,,,2020-06-24,2020-07-20,,22.96286934815508,,14.66447375654787,,,16.240231590270998,T,btc_call
25.481498719118044,,,,,2020-06-24,2020-07-27,25.481498719118044,,,,,,4.71241533279419,F,write_cc
19.874853153091365,,,,,2020-06-24,2020-07-27,19.874853153091365,,,,,,15.789415512084963,T,write_cc
-38.47121317988211,38.47121317988211,,,,2020-06-26,2020-07-14,,118.7690275437019,,80.29781436381978,,,22.248119888305666,BAC,btc_call
93.16523378829729,,,,,2020-06-26,2020-07-29,93.16523378829729,,,,,,21.522946014404297,BAC,write_cc
-10.999046335068051,10.999046335068051,,,,2020-07-06,2020-07-10,,40.286777747245004,,29.287731412176953,,,4.5,F,btc_put
32.678258961528606,,450.0,,,2020-07-06,2020-08-04,32.678258961528606,,,,,,4.5,F,write_csp
-6.220435330286589,6.220435330286589,,,,2020-07-09,2020-07-27,,25.481498719118044,,19.261063388831452,,,4.71241533279419,F,btc_call
18.370400740448932,,,,,2020-07-09,2020-08-11,18.370400740448932,,,,,,4.5,F,write_cc
-5.614666448257788,5.614666448257788,,,,2020-07-13,2020-07-27,,19.874853153091365,,14.260186704833577,,,15.789415512084963,T,btc_call
-9.558795174075097,9.558795174075097,,,,2020-07-14,2020-08-04,,32.678258961528606,,23.11946378745351,,,4.5,F,btc_put
26.852720265934373,,500.0,,,2020-07-15,2020-08-13,26.852720265934373,,,,,,5.0,F,write_csp
-32.117226944841626,32.117226944841626,,,,2020-07-16,2020-07-29,,93.16523378829729,,61.04800684345566,,,21.522946014404297,BAC,btc_call
47.61606550324835,,,,,2020-07-16,2020-08-18,47.61606550324835,,,,,,22.248119888305666,BAC,write_cc
-10.186411751403224,10.186411751403224,,,,2020-07-28,2020-08-13,,26.852720265934373,,16.66630851453115,,,5.0,F,btc_put
25.625719328810437,,500.0,,,2020-07-30,2020-08-28,25.625719328810437,,,,,,5.0,F,write_csp
-53.31637305179324,53.31637305179324,,,,2020-08-04,2020-08-11,,18.370400740448932,,-34.945972311344306,,,4.5,F,btc_call
-8.205342567163875,8.205342567163875,,,,2020-08-10,2020-08-28,,25.625719328810437,,17.420376761646562,,,5.0,F,btc_put
-99.30209058751736,99.30209058751736,,,,2020-08-11,2020-08-18,,47.61606550324835,,-51.686025084269005,,,22.248119888305666,BAC,btc_call
20.48740672208531,,,,,2020-08-11,2020-09-13,20.48740672208531,,,,,,25,BAC,write_cc
-3.0527078569532184,3.0527078569532184,,,,2020-08-17,2020-09-13,,20.48740672208531,,17.43469886513209,,,25,BAC,btc_call
15.191402629363093,,,,,2020-08-26,2020-09-28,15.191402629363093,,,,,,23.763559570312502,BAC,write_cc
-5.569613436940712,5.569613436940712,,,,2020-09-10,2020-09-28,,15.191402629363093,,9.62178919242238,,,23.763559570312502,BAC,btc_call
19.338296620894724,,,,,2020-09-10,2020-10-13,19.338296620894724,,,,,,23.535891265869143,BAC,write_cc
-5.905272875767809,5.905272875767809,,,,2020-09-21,2020-10-13,,19.338296620894724,,13.433023745126915,,,23.535891265869143,BAC,btc_call
21.79156786394687,,,,,2020-09-21,2020-10-24,21.79156786394687,,,,,,22.90864471435547,BAC,write_cc
-6.250716110723564,6.250716110723564,,,,2020-09-23,2020-10-24,,21.79156786394687,,15.540851753223306,,,22.90864471435547,BAC,btc_call
21.11965626168466,,,,,2020-09-23,2020-10-26,21.11965626168466,,,,,,21.775854721069337,BAC,write_cc
-5.3002793207284515,5.3002793207284515,,,,2020-10-19,2020-10-26,,21.11965626168466,,15.819376940956209,,,21.775854721069337,BAC,btc_call
28.22162855497634,,,,,2020-10-19,2020-11-21,28.22162855497634,,,,,,22.206500930786135,BAC,write_cc
28.798640558104616,,600.0,,,2020-11-09,2020-12-08,28.798640558104616,,,,,,6.0,F,write_csp
15.140341604529706,,,,,2020-11-10,2020-12-13,15.140341604529706,,,,,,16.22953742980957,T,write_cc
-180.42982681644196,180.42982681644196,,,,2020-11-16,2020-11-21,,28.22162855497634,,-152.2081982614656,,,22.206500930786135,BAC,btc_call
-9.134327909688134,9.134327909688134,,,,2020-11-16,2020-12-08,,28.798640558104616,,19.664312648416484,,,6.0,F,btc_put
90.53346145766935,,,,,2020-11-16,2020-12-19,90.53346145766935,,,,,,25.820202255249026,BAC,write_cc
-5.792572650878691,5.792572650878691,,,,2020-11-19,2020-12-13,,15.140341604529706,,9.347768953651014,,,16.22953742980957,T,btc_call
16.428389222591157,,,,,2020-11-24,2020-12-27,16.428389222591157,,,,,,7.484425563812256,F,write_cc
-4.458358350697478,4.458358350697478,,,,2020-12-07,2020-12-27,,16.428389222591157,,11.97003087189368,,,7.484425563812256,F,btc_call
-22.490752393080626,22.490752393080626,,,,2020-12-09,2020-12-19,,90.53346145766935,,68.04270906458872,,,25.820202255249026,BAC,btc_call
24.965129917055418,,,,,2020-12-09,2021-01-11,24.965129917055418,,,,,,27.13040840148926,BAC,write_cc
-4.961278155082116,4.961278155082116,,,,2021-01-04,2021-01-11,,24.965129917055418,,20.0038517619733,,,27.13040840148926,BAC,btc_call
28.180484112782445,,,,,2021-01-06,2021-02-08,28.180484112782445,,,,,,30.286208496093753,BAC,write_cc
18.89554762519685,,,,,2021-01-20,2021-02-22,18.89554762519685,,,,,,8.601145992279053,F,write_cc
-6.997501961551178,6.997501961551178,,,,2021-01-22,2021-02-08,,28.180484112782445,,21.182982151231265,,,30.286208496093753,BAC,btc_call
31.68872002260139,,,,,2021-01-22,2021-02-24,31.68872002260139,,,,,,29.72098457336426,BAC,write_cc
-7.776859434994798,7.776859434994798,,,,2021-01-27,2021-02-24,,31.68872002260139,,23.911860587606593,,,29.72098457336426,BAC,btc_call
32.59618463547653,,,,,2021-01-27,2021-03-01,32.59618463547653,,,,,,28.100700302124025,BAC,write_cc
-7.123780276243252,7.123780276243252,,,,2021-02-18,2021-02-22,,18.89554762519685,,11.771767348953599,,,8.601145992279053,F,btc_call
21.667784430409263,,,,,2021-02-18,2021-03-23,21.667784430409263,,,,,,9.0,F,write_cc
-256.3804572871479,256.3804572871479,,,,2021-02-22,2021-03-01,,32.59618463547653,,-223.7842726516714,,,28.100700302124025,BAC,btc_call
26.461849893000533,,,,,2021-02-22,2021-03-27,26.461849893000533,,,,,,33.11229721069336,BAC,write_cc
-40.1141914635521,40.1141914635521,,,,2021-03-17,2021-03-23,,21.667784430409263,,-18.44640703314284,,,9.0,F,btc_call
25.31960657253225,,,,,2021-03-17,2021-04-19,25.31960657253225,,,,,,10.0,F,write_cc
-9.563780024171642,9.563780024171642,,,,2021-03-24,2021-03-27,,26.461849893000533,,16.89806986882889,,,33.11229721069336,BAC,btc_call
33.03036022621511,,,,,2021-03-24,2021-04-26,33.03036022621511,,,,,,34.933491210937504,BAC,write_cc
-7.241421608994836,7.241421608994836,,,,2021-03-29,2021-04-19,,25.31960657253225,,18.078184963537417,,,10.0,F,btc_call
21.866081897158818,,,,,2021-03-29,2021-05-01,21.866081897158818,,,,,,9.622831764221193,F,write_cc
-7.957723751131551,7.957723751131551,,,,2021-04-13,2021-05-01,,21.866081897158818,,13.908358146027266,,,9.622831764221193,F,btc_call
15.15726919081195,,,,,2021-04-13,2021-05-16,15.15726919081195,,,,,,9.662429924011231,F,write_cc
-4.772695273654959,4.772695273654959,,,,2021-04-20,2021-04-26,,33.03036022621511,,28.257664952560148,,,34.933491210937504,BAC,btc_call
-2.3643718623665544,2.3643718623665544,,,,2021-04-20,2021-05-16,,15.15726919081195,,12.792897328445395,,,9.662429924011231,F,btc_call
24.226401182434554,,,,,2021-04-20,2021-05-23,24.226401182434554,,,,,,36.0506071472168,BAC,write_cc
22.432083936066284,,,,,2021-04-29,2021-06-01,22.432083936066284,,,,,,8.917949295043947,F,write_cc
-144.84702956831939,144.84702956831939,,,,2021-05-17,2021-05-23,,24.226401182434554,,-120.62062838588483,,,36.0506071472168,BAC,btc_call
17.38967252672987,,,,,2021-05-18,2021-06-20,17.38967252672987,,,,,,17.402347869873047,T,write_cc
15.052415309166722,,,,,2021-05-18,2021-06-20,15.052415309166722,,,,,,39.91316528320313,BAC,write_cc
-5.315290489491398,5.315290489491398,,,,2021-05-20,2021-06-20,,15.052415309166722,,9.737124819675325,,,39.91316528320313,BAC,btc_call
-55.909016218183716,55.909016218183716,,,,2021-05-25,2021-06-01,,22.432083936066284,,-33.47693228211743,,,8.917949295043947,F,btc_call
28.472283586102918,,,,,2021-05-25,2021-06-27,28.472283586102918,,,,,,10.145553016662598,F,write_cc
-4.856742249976187,4.856742249976187,,,,2021-06-01,2021-06-20,,17.38967252672987,,12.532930276753685,,,17.402347869873047,T,btc_call
-76.10437538319665,76.10437538319665,,,,2021-06-21,2021-06-27,,28.472283586102918,,-47.632091797093736,,,10.145553016662598,F,btc_call
38.312663743378735,,,,,2021-06-21,2021-07-24,38.312663743378735,,,,,,11.705797348022461,F,write_cc
19.76743239572576,,,,,2021-06-21,2021-07-24,19.76743239572576,,,,,,37.79001342773438,BAC,write_cc
-11.763639664869041,11.763639664869041,,,,2021-06-30,2021-07-24,,38.312663743378735,,26.549024078509696,,,11.705797348022461,F,btc_call
15.549409996369912,,,,,2021-06-30,2021-08-02,15.549409996369912,,,,,,11.769159965515138,F,write_cc
-5.585808577714668,5.585808577714668,,,,2021-07-02,2021-08-02,,15.549409996369912,,9.963601418655244,,,11.769159965515138,F,btc_call
-3.107802023707884,3.107802023707884,,,,2021-07-08,2021-07-24,,19.76743239572576,,16.659630372017876,,,37.79001342773438,BAC,btc_call
27.34913661915792,,,,,2021-07-08,2021-08-10,27.34913661915792,,,,,,36.86784576416016,BAC,write_cc
-4.432351069620699,4.432351069620699,,,,2021-07-19,2021-08-10,,27.34913661915792,,22.916785549537224,,,36.86784576416016,BAC,btc_call
32.82825375598595,,,,,2021-07-19,2021-08-21,32.82825375598595,,,,,,35.10907608032227,BAC,write_cc
15.75323381033904,,,,,2021-07-30,2021-09-01,15.75323381033904,,,,,,11.048434524536134,F,write_cc
-5.237423787115425,5.237423787115425,,,,2021-08-13,2021-09-01,,15.75323381033904,,10.515810023223615,,,11.048434524536134,F,btc_call
17.71077695382659,,,,,2021-08-13,2021-09-15,17.71077695382659,,,,,,10.763315620422365,F,write_cc
-128.5005677499015,128.5005677499015,,,,2021-08-16,2021-08-21,,32.82825375598595,,-95.67231399391557,,,35.10907608032227,BAC,btc_call
18.356991065593586,,,,,2021-08-16,2021-09-18,18.356991065593586,,,,,,39.25408447265625,BAC,write_cc
-6.830068756225427,6.830068756225427,,,,2021-08-17,2021-09-15,,17.71077695382659,,10.880708197601162,,,10.763315620422365,F,btc_call
16.827034779312022,,,,,2021-08-17,2021-09-19,16.827034779312022,,,,,,10.288114013671876,F,write_cc
-6.717486906910208,6.717486906910208,,,,2021-08-18,2021-09-18,,18.356991065593586,,11.639504158683378,,,39.25408447265625,BAC,btc_call
-5.700369212258272,5.700369212258272,,,,2021-08-20,2021-09-19,,16.827034779312022,,11.12666556705375,,,10.288114013671876,F,btc_call
16.410310642560866,,,,,2021-09-20,2021-10-23,16.410310642560866,,,,,,37.372109985351564,BAC,write_cc
15.049882974410256,,,,,2021-09-23,2021-10-26,15.049882974410256,,,,,,10.858358001708986,F,write_cc
-357.7609347720703,357.7609347720703,,,,2021-10-18,2021-10-23,,16.410310642560866,,-341.3506241295094,,,37.372109985351564,BAC,btc_call
42.186778988172335,,,,,2021-10-18,2021-11-20,42.186778988172335,,,,,,44.22349594116211,BAC,write_cc
-48.91844693369052,48.91844693369052,,,,2021-10-19,2021-10-26,,15.049882974410256,,-33.868563959280266,,,10.858358001708986,F,btc_call
15.094349300101761,,,,,2021-10-27,2021-11-29,15.094349300101761,,,,,,12.283958702087403,F,write_cc
-15.283701937408978,15.283701937408978,,,,2021-11-04,2021-11-20,,42.186778988172335,,26.903077050763358,,,44.22349594116211,BAC,btc_call
23.01880653931576,,,,,2021-11-04,2021-12-07,23.01880653931576,,,,,,45.22683334350586,BAC,write_cc
-3.9461846611640983,3.9461846611640983,,,,2021-11-12,2021-12-07,,23.01880653931576,,19.072621878151665,,,45.22683334350586,BAC,btc_call
21.498745225881066,,,,,2021-11-26,2021-12-29,21.498745225881066,,,,,,43.72660629272461,BAC,write_cc
1228.3958702087402,,,,6.641078472137451,2021-11-29,,,,12.283958702087403,564.2880229949951,,100,,F,sell_lot
,,,,,2021-11-29,2021-11-29,,,,,,,12.283958702087403,F,assign_call
27.913220186602096,,,,,2021-11-29,2022-01-01,27.913220186602096,,,,,,15.657135658264162,F,write_cc
-7.445627455540782,7.445627455540782,,,,2021-11-30,2021-12-29,,21.498745225881066,,14.053117770340284,,,43.72660629272461,BAC,btc_call
22.20197064647529,,,,,2021-11-30,2022-01-02,22.20197064647529,,,,,,42.49393203735352,BAC,write_cc
36.621106243604814,,1350.0,,,2021-11-30,2021-12-29,36.621106243604814,,,,,,13.5,F,write_csp
-13.577373997208753,13.577373997208753,,,,2021-12-07,2021-12-29,,36.621106243604814,,23.04373224639606,,,13.5,F,btc_put
29.230942196324516,,1300.0,,,2021-12-07,2022-01-05,29.230942196324516,,,,,,13.0,T,write_csp
22.368344601585566,,,,,2021-12-16,2022-01-18,22.368344601585566,,,,,,14.673408851623536,T,write_cc
-3.762370674368154,3.762370674368154,,,,2021-12-20,2022-01-02,,22.20197064647529,,18.439599972107136,,,42.49393203735352,BAC,btc_call
42.10180669998209,,,,,2021-12-20,2022-01-22,42.10180669998209,,,,,,41.4406576538086,BAC,write_cc
-8.400640805096993,8.400640805096993,,,,2021-12-21,2022-01-05,,29.230942196324516,,20.830301391227522,,,13.0,T,btc_put
60.77987338322206,,1400.0,,,2021-12-21,2022-01-19,60.77987338322206,,,,,,14.0,F,write_csp
-23.811003759977734,23.811003759977734,,,,2021-12-27,2022-01-19,,60.77987338322206,,36.96886962324433,,,14.0,F,btc_put
28.27939730896425,,1350.0,,,2021-12-27,2022-01-25,28.27939730896425,,,,,,13.5,T,write_csp
-8.744428360850387,8.744428360850387,,,,2021-12-29,2022-01-01,,27.913220186602096,,19.16879182575171,,,15.657135658264162,F,btc_call
42.5273494542294,,,,,2021-12-29,2022-01-31,42.5273494542294,,,,,,16.36556636810303,F,write_cc
-7.554664805269362,7.554664805269362,,,,2022-01-03,2022-01-25,,28.27939730896425,,20.724732503694888,,,13.5,T,btc_put
62.4993950752712,,1550.0,,,2022-01-03,2022-02-01,62.4993950752712,,,,,,15.5,F,write_csp
-24.982320808319393,24.982320808319393,,,,2022-01-06,2022-02-01,,62.4993950752712,,37.51707426695181,,,15.5,F,btc_put
28.613259542391045,,1450.0,,,2022-01-06,2022-02-04,28.613259542391045,,,,,,14.5,T,write_csp
-85.61263850437211,85.61263850437211,,,,2022-01-11,2022-01-18,,22.368344601585566,,-63.24429390278655,,,14.673408851623536,T,btc_call
15.895213863102509,,,,,2022-01-11,2022-02-13,15.895213863102509,,,,,,16.74251106262207,T,write_cc
-9.144268856239313,9.144268856239313,,,,2022-01-12,2022-02-04,,28.613259542391045,,19.468990686151734,,,14.5,T,btc_put
25.85360701841921,,1500.0,,,2022-01-12,2022-02-10,25.85360701841921,,,,,,15.0,T,write_csp
-2.1120868076841326,2.1120868076841326,,,,2022-01-18,2022-02-10,,25.85360701841921,,23.74152021073508,,,15.0,T,btc_put
-8.76342767280791,8.76342767280791,,,,2022-01-20,2022-01-22,,42.10180669998209,,33.338379027174184,,,41.4406576538086,BAC,btc_call
-6.117697273098921,6.117697273098921,,,,2022-01-20,2022-02-13,,15.895213863102509,,9.777516590003588,,,16.74251106262207,T,btc_call
35.797936198443466,,,,,2022-01-20,2022-02-22,35.797936198443466,,,,,,43.92747482299805,BAC,write_cc
84.27009602222996,,1550.0,,,2022-01-20,2022-02-18,84.27009602222996,,,,,,15.5,F,write_csp
-11.343101478373585,11.343101478373585,,,,2022-01-24,2022-01-31,,42.5273494542294,,31.18424797585582,,,16.36556636810303,F,btc_call
65.61777375179867,,,,,2022-01-24,2022-02-26,65.61777375179867,,,,,,16.230245018005373,F,write_cc
25.636018121843797,,,,,2022-01-26,2022-02-28,25.636018121843797,,,,,,15.41404151916504,T,write_cc
-20.49807816624312,20.49807816624312,,,,2022-02-03,2022-02-26,,65.61777375179867,,45.11969558555555,,,16.230245018005373,F,btc_call
38.88105084334548,,,,,2022-02-03,2022-03-08,38.88105084334548,,,,,,15.913650283813478,F,write_cc
-12.18227496561508,12.18227496561508,,,,2022-02-07,2022-03-08,,38.88105084334548,,26.698775877730398,,,15.913650283813478,F,btc_call
45.70377972349648,,,,,2022-02-07,2022-03-12,45.70377972349648,,,,,,14.31348644256592,F,write_cc
-13.515423309682273,13.515423309682273,,,,2022-02-14,2022-02-22,,35.797936198443466,,22.282512888761193,,,43.92747482299805,BAC,btc_call
-8.40348998665097,8.40348998665097,,,,2022-02-14,2022-02-28,,25.636018121843797,,17.23252813519283,,,15.41404151916504,T,btc_call
28.55074619459885,,,,,2022-02-14,2022-03-19,28.55074619459885,,,,,,15.286920776367188,T,write_cc
32.547708699612784,,,,,2022-02-14,2022-03-19,32.547708699612784,,,,,,45.530950012207036,BAC,write_cc
-1334.212303161621,,,,,2022-02-16,,,,13.342123031616211,,,100,,F,buy_lot
-11.866776344801533,11.866776344801533,,,,2022-02-17,2022-03-19,,32.547708699612784,,20.68093235481125,,,45.530950012207036,BAC,btc_call
29.54478428605629,,,,,2022-02-17,2022-03-22,29.54478428605629,,,,,,44.23473495483399,BAC,write_cc
,,,,,2022-02-18,2022-02-18,,,,-1464.72990397777,insufficient_cash_for_assignment,,15.5,F,force_expire_put
-12.674635845155624,12.674635845155624,,,,2022-02-22,2022-03-12,,45.70377972349648,,33.02914387834086,,,14.31348644256592,F,btc_call
39.12281102744419,,,,,2022-02-22,2022-03-27,39.12281102744419,,,,,,13.83343677520752,F,write_cc
-8.482887095148728,8.482887095148728,,,,2022-02-23,2022-03-22,,29.54478428605629,,21.061897190907565,,,44.23473495483399,BAC,btc_call
26.89985239760544,,,,,2022-02-23,2022-03-28,26.89985239760544,,,,,,42.99611160278321,BAC,write_cc
-9.852243683223394,9.852243683223394,,,,2022-02-24,2022-03-19,,28.55074619459885,,18.69850251137546,,,15.286920776367188,T,btc_call
27.20882639369013,,,,,2022-02-24,2022-03-29,27.20882639369013,,,,,,14.765697097778322,T,write_cc
-10.051019422560836,10.051019422560836,,,,2022-03-01,2022-03-28,,26.89985239760544,,16.8488329750446,,,42.99611160278321,BAC,btc_call
-8.637426129695536,8.637426129695536,,,,2022-03-01,2022-03-29,,27.20882639369013,,18.571400263994597,,,14.765697097778322,T,btc_call
44.43316694697419,,,,,2022-03-01,2022-04-03,44.43316694697419,,,,,,40.77814086914063,BAC,write_cc
-14.269770418632266,14.269770418632266,,,,2022-03-07,2022-03-27,,39.12281102744419,,24.853040608811927,,,13.83343677520752,F,btc_call
-8.612762413465557,8.612762413465557,,,,2022-03-07,2022-04-03,,44.43316694697419,,35.820404533508636,,,40.77814086914063,BAC,btc_call
53.65329327545223,,,,,2022-03-07,2022-04-09,53.65329327545223,,,,,,12.777324829101563,F,write_cc
65.17070755708173,,,,,2022-03-07,2022-04-09,65.17070755708173,,,,,,36.99265319824219,BAC,write_cc
-15.699532963382667,15.699532963382667,,,,2022-04-01,2022-04-09,,53.65329327545223,,37.95376031206956,,,12.777324829101563,F,btc_call
30.538276270323017,,,,,2022-04-01,2022-05-04,30.538276270323017,,,,,,13.321381874084473,F,write_cc
-14.208573325637452,14.208573325637452,,,,2022-04-05,2022-04-09,,65.17070755708173,,50.962134231444274,,,36.99265319824219,BAC,btc_call
-10.51805110409816,10.51805110409816,,,,2022-04-05,2022-05-04,,30.538276270323017,,20.020225166224858,,,13.321381874084473,F,btc_call
25.54271133462378,,,,,2022-04-05,2022-05-08,25.54271133462378,,,,,,12.65731086730957,F,write_cc
51.43933613937737,,,,,2022-04-05,2022-05-08,51.43933613937737,,,,,,38.72939392089844,BAC,write_cc
-15.902253148141376,15.902253148141376,,,,2022-04-07,2022-05-08,,51.43933613937737,,35.53708299123599,,,38.72939392089844,BAC,btc_call
27.543730533285338,,,,,2022-04-07,2022-05-10,27.543730533285338,,,,,,38.005750579833986,BAC,write_cc
15.392835677538663,,,,,2022-04-11,2022-05-14,15.392835677538663,,,,,,16.52011619567871,T,write_cc
-2.646597874319201,2.646597874319201,,,,2022-04-14,2022-05-10,,27.543730533285338,,24.897132658966136,,,38.005750579833986,BAC,btc_call
19.904029986332894,,,,,2022-04-14,2022-05-17,19.904029986332894,,,,,,36.24970825195313,BAC,write_cc
-8.89314723857726,8.89314723857726,,,,2022-04-21,2022-05-08,,25.54271133462378,,16.64956409604652,,,12.65731086730957,F,btc_call
22.6351032301475,,,,,2022-04-21,2022-05-24,22.6351032301475,,,,,,12.561302375793458,F,write_cc
-4.633763920531875,4.633763920531875,,,,2022-04-26,2022-05-17,,19.904029986332894,,15.27026606580102,,,36.24970825195313,BAC,btc_call
-7.939491804196797,7.939491804196797,,,,2022-04-26,2022-05-24,,22.6351032301475,,14.695611425950704,,,12.561302375793458,F,btc_call
23.39129598711014,,,,,2022-04-26,2022-05-29,23.39129598711014,,,,,,11.847527160644532,F,write_cc
25.56197410614196,,,,,2022-04-26,2022-05-29,25.56197410614196,,,,,,35.169073791503905,BAC,write_cc
-4.776697835932064,4.776697835932064,,,,2022-04-29,2022-05-14,,15.392835677538663,,10.616137841606598,,,16.52011619567871,T,btc_call
-6.16764463123276,6.16764463123276,,,,2022-04-29,2022-05-29,,23.39129598711014,,17.22365135587738,,,11.847527160644532,F,btc_call
25.408094241177892,,,,,2022-04-29,2022-06-01,25.408094241177892,,,,,,16.10094074249268,T,write_cc
16.16487254974439,,,,,2022-05-03,2022-06-05,16.16487254974439,,,,,,11.72671600341797,F,write_cc
-2.9356434070432758,2.9356434070432758,,,,2022-05-09,2022-06-05,,16.16487254974439,,13.229229142701115,,,11.72671600341797,F,btc_call
18.09719623903461,,,,,2022-05-09,2022-06-11,18.09719623903461,,,,,,10.768283157348634,F,write_cc
-7.433780274398005,7.433780274398005,,,,2022-05-12,2022-05-29,,25.56197410614196,,18.128193831743957,,,35.169073791503905,BAC,btc_call
-5.068005532190067,5.068005532190067,,,,2022-05-12,2022-06-11,,18.09719623903461,,13.029190706844542,,,10.768283157348634,F,btc_call
18.48829232765956,,,,,2022-05-12,2022-06-14,18.48829232765956,,,,,,10.0,F,write_cc
48.284945084215195,,,,,2022-05-12,2022-06-14,48.284945084215195,,,,,,33.83756996154786,BAC,write_cc
28.40711853343425,,900.0,,,2022-05-12,2022-06-10,28.40711853343425,,,,,,9.0,F,write_csp
-14.792074332371419,14.792074332371419,,,,2022-05-20,2022-06-14,,48.284945084215195,,33.492870751843775,,,33.83756996154786,BAC,btc_call
43.19591573400041,,,,,2022-05-20,2022-06-22,43.19591573400041,,,,,,32.67009063720703,BAC,write_cc
-76.20062137208592,76.20062137208592,,,,2022-05-25,2022-06-01,,25.408094241177892,,-50.79252713090803,,,16.10094074249268,T,btc_call
-8.315464296592467,8.315464296592467,,,,2022-05-27,2022-06-10,,28.40711853343425,,20.091654236841784,,,9.0,F,btc_put
-45.869871597553846,45.869871597553846,,,,2022-06-07,2022-06-14,,18.48829232765956,,-27.381579269894285,,,10.0,F,btc_call
39.341723466974486,,,,,2022-06-07,2022-07-10,39.341723466974486,,,,,,11.066280784606935,F,write_cc
-7.584308968597586,7.584308968597586,,,,2022-06-10,2022-06-22,,43.19591573400041,,35.611606765402826,,,32.67009063720703,BAC,btc_call
-13.652331486721092,13.652331486721092,,,,2022-06-10,2022-07-10,,39.341723466974486,,25.689391980253394,,,11.066280784606935,F,btc_call
32.89947698320819,,,,,2022-06-10,2022-07-13,32.89947698320819,,,,,,10.268929824829103,F,write_cc
47.74529117783235,,,,,2022-06-10,2022-07-13,47.74529117783235,,,,,,32.18866905212403,BAC,write_cc
34.25532744207764,,900.0,,,2022-06-10,2022-07-09,34.25532744207764,,,,,,9.0,F,write_csp
-17.612827887030402,17.612827887030402,,,,2022-06-14,2022-07-13,,47.74529117783235,,30.132463290801947,,,32.18866905212403,BAC,btc_call
50.04399990751223,,,,,2022-06-14,2022-07-17,50.04399990751223,,,,,,30.529262466430666,BAC,write_cc
-6.512748848435123,6.512748848435123,,,,2022-06-16,2022-07-13,,32.89947698320819,,26.386728134773065,,,10.268929824829103,F,btc_call
33.823174875423504,,,,,2022-06-16,2022-07-19,33.823174875423504,,,,,,9.0,F,write_cc
-13.835418396313415,13.835418396313415,,,,2022-06-29,2022-07-17,,50.04399990751223,,36.208581511198815,,,30.529262466430666,BAC,btc_call
23.73919207532822,,,,,2022-06-29,2022-08-01,23.73919207532822,,,,,,30.91743072509766,BAC,write_cc
-11.162392585457837,11.162392585457837,,,,2022-07-05,2022-07-19,,33.823174875423504,,22.660782289965667,,,9.0,F,btc_call
26.37410760844454,,,,,2022-07-05,2022-08-07,26.37410760844454,,,,,,9.0,F,write_cc
-8.293234062466492,8.293234062466492,,,,2022-07-06,2022-08-01,,23.73919207532822,,15.445958012861727,,,30.91743072509766,BAC,btc_call
24.484461899119836,,,,,2022-07-06,2022-08-08,24.484461899119836,,,,,,30.06346343994141,BAC,write_cc
,,,,,2022-07-11,2022-07-09,,,,34.25532744207764,,,9.0,F,expire_put
31.597374726808127,,800.0,,,2022-07-11,2022-08-09,31.597374726808127,,,,,,8.0,F,write_csp
-3.4227428924214154,3.4227428924214154,,,,2022-07-14,2022-08-08,,24.484461899119836,,21.06171900669842,,,30.06346343994141,BAC,btc_call
-12.349587146473207,12.349587146473207,,,,2022-07-15,2022-08-09,,31.597374726808127,,19.247787580334922,,,8.0,F,btc_put
39.127872682324224,,,,,2022-07-15,2022-08-17,39.127872682324224,,,,,,31.29589050292969,BAC,write_cc
30.90349972004929,,850.0,,,2022-07-15,2022-08-13,30.90349972004929,,,,,,8.5,F,write_csp
-8.5920580384667,8.5920580384667,,,,2022-07-19,2022-08-13,,30.90349972004929,,22.31144168158259,,,8.5,F,btc_put
19.310723754953194,,,,,2022-07-21,2022-08-23,19.310723754953194,,,,,,16.3672998046875,T,write_cc
34.168799728662734,,950.0,,,2022-07-21,2022-08-19,34.168799728662734,,,,,,9.5,F,write_csp
-6.844891521023477,6.844891521023477,,,,2022-07-26,2022-08-23,,19.310723754953194,,12.465832233929717,,,16.3672998046875,T,btc_call
17.3103663572578,,,,,2022-07-26,2022-08-28,17.3103663572578,,,,,,15.830950012207031,T,write_cc
-12.95092698968514,12.95092698968514,,,,2022-07-28,2022-08-19,,34.168799728662734,,21.217872738977594,,,9.5,F,btc_put
34.13083697113586,,1000.0,,,2022-07-28,2022-08-26,34.13083697113586,,,,,,10.0,F,write_csp
-243.97544780992834,243.97544780992834,,,,2022-08-01,2022-08-07,,26.37410760844454,,-217.6013402014838,,,9.0,F,btc_call
-7.8396454275028615,7.8396454275028615,,,,2022-08-01,2022-08-26,,34.13083697113586,,26.291191543632994,,,10.0,F,btc_put
28.295615717481006,,,,,2022-08-01,2022-09-03,28.295615717481006,,,,,,12.35493278503418,F,write_cc
-5.619504998886882,5.619504998886882,,,,2022-08-08,2022-08-28,,17.3103663572578,,11.690861358370917,,,15.830950012207031,T,btc_call
17.06972595846894,,,,,2022-08-08,2022-09-10,17.06972595846894,,,,,,15.57142375946045,T,write_cc
-117.37377430489246,117.37377430489246,,,,2022-08-11,2022-08-17,,39.127872682324224,,-78.24590162256824,,,31.29589050292969,BAC,btc_call
46.046786534766056,,,,,2022-08-11,2022-09-13,46.046786534766056,,,,,,34.84760833740235,BAC,write_cc
-17.002259153616883,17.002259153616883,,,,2022-08-17,2022-09-13,,46.046786534766056,,29.044527381149173,,,34.84760833740235,BAC,btc_call
15.441531042358658,,,,,2022-08-17,2022-09-19,15.441531042358658,,,,,,35.33280990600586,BAC,write_cc
-3.378975779538007,3.378975779538007,,,,2022-08-19,2022-09-10,,17.06972595846894,,13.690750178930934,,,15.57142375946045,T,btc_call
-9.774961090569722,9.774961090569722,,,,2022-08-22,2022-09-03,,28.295615717481006,,18.520654626911284,,,12.35493278503418,F,btc_call
-3.966494508617968,3.966494508617968,,,,2022-08-22,2022-09-19,,15.441531042358658,,11.47503653374069,,,35.33280990600586,BAC,btc_call
33.36956723774445,,,,,2022-08-22,2022-09-24,33.36956723774445,,,,,,12.266658325195314,F,write_cc
21.42670204933701,,,,,2022-08-22,2022-09-24,21.42670204933701,,,,,,33.6928182220459,BAC,write_cc
-8.498019277102875,8.498019277102875,,,,2022-08-29,2022-09-24,,21.42670204933701,,12.928682772234135,,,33.6928182220459,BAC,btc_call
23.663840134493785,,,,,2022-08-29,2022-10-01,23.663840134493785,,,,,,32.89707504272461,BAC,write_cc
-12.728911623249672,12.728911623249672,,,,2022-09-02,2022-09-24,,33.36956723774445,,20.640655614494776,,,12.266658325195314,F,btc_call
18.530864958744164,,,,,2022-09-02,2022-10-05,18.530864958744164,,,,,,12.331733779907227,F,write_cc
-6.923384276990996,6.923384276990996,,,,2022-09-06,2022-10-01,,23.663840134493785,,16.740455857502788,,,32.89707504272461,BAC,btc_call
19.232970947147443,,,,,2022-09-06,2022-10-09,19.232970947147443,,,,,,32.293309707641605,BAC,write_cc
-5.190488464925114,5.190488464925114,,,,2022-09-13,2022-10-05,,18.530864958744164,,13.34037649381905,,,12.331733779907227,F,btc_call
16.06181116508072,,,,,2022-09-13,2022-10-16,16.06181116508072,,,,,,11.990089187622072,F,write_cc
44.734936649626846,,950.0,,,2022-09-20,2022-10-19,44.734936649626846,,,,,,9.5,F,write_csp
-5.5271730085961535,5.5271730085961535,,,,2022-09-21,2022-10-16,,16.06181116508072,,10.534638156484565,,,11.990089187622072,F,btc_call
34.069747784822994,,,,,2022-09-21,2022-10-24,34.069747784822994,,,,,,10.615377159118653,F,write_cc
-5.589350149109817,5.589350149109817,,,,2022-09-22,2022-10-09,,19.232970947147443,,13.643620798037626,,,32.293309707641605,BAC,btc_call
27.52574727174064,,,,,2022-09-22,2022-10-25,27.52574727174064,,,,,,31.746293563842777,BAC,write_cc
-9.391627050437346,9.391627050437346,,,,2022-09-26,2022-10-24,,34.069747784822994,,24.678120734385647,,,10.615377159118653,F,btc_call
-7.475076708766393,7.475076708766393,,,,2022-09-26,2022-10-25,,27.52574727174064,,20.050670562974247,,,31.746293563842777,BAC,btc_call
29.600433640864576,,,,,2022-09-26,2022-10-29,29.600433640864576,,,,,,9.753132019042969,F,write_cc
27.339301381415826,,,,,2022-09-26,2022-10-29,27.339301381415826,,,,,,30.310385971069337,BAC,write_cc
-4.572268734205975,4.572268734205975,,,,2022-10-11,2022-10-29,,27.339301381415826,,22.767032647209852,,,30.310385971069337,BAC,btc_call
34.400457844135346,,,,,2022-10-11,2022-11-13,34.400457844135346,,,,,,29.07960273742676,BAC,write_cc
-950.0,,,950.0,,2022-10-19,2022-10-19,,,,,,,9.5,F,assign_put
-9.633588702441331,9.633588702441331,,,,2022-10-19,2022-10-29,,29.600433640864576,,19.966844938423243,,,9.753132019042969,F,btc_call
27.837009141399214,,,,,2022-10-19,2022-11-21,27.837009141399214,,,,,,9.86701457977295,F,write_cc
24.15538813655558,,,,,2022-10-20,2022-11-22,24.15538813655558,,,,,,14.738634681701662,T,write_cc
,,,,,2022-11-14,2022-11-13,,,,34.400457844135346,,,29.07960273742676,BAC,expire_call
-84.4113431026905,84.4113431026905,,,,2022-11-14,2022-11-21,,27.837009141399214,,-56.57433396129128,,,9.86701457977295,F,btc_call
16.51104513146211,,,,,2022-11-14,2022-12-17,16.51104513146211,,,,,,11.556501388549805,F,write_cc
46.067981686097426,,,,,2022-11-14,2022-12-17,46.067981686097426,,,,,,36.88431289672852,BAC,write_cc
-80.40934219378624,80.40934219378624,,,,2022-11-15,2022-11-22,,24.15538813655558,,-56.253954057230665,,,14.738634681701662,T,btc_call
17.020493321633978,,,,,2022-11-15,2022-12-18,17.020493321633978,,,,,,16.746050033569336,T,write_cc
-16.92436726710751,16.92436726710751,,,,2022-11-16,2022-12-17,,46.067981686097426,,29.143614418989916,,,36.88431289672852,BAC,btc_call
24.19644973666424,,,,,2022-11-16,2022-12-19,24.19644973666424,,,,,,36.49358825683594,BAC,write_cc
-3.461250464638188,3.461250464638188,,,,2022-11-18,2022-12-18,,17.020493321633978,,13.559242856995791,,,16.746050033569336,T,btc_call
-7.848363923733093,7.848363923733093,,,,2022-11-21,2022-12-19,,24.19644973666424,,16.348085812931146,,,36.49358825683594,BAC,btc_call
-4.078858176056643,4.078858176056643,,,,2022-11-28,2022-12-17,,16.51104513146211,,12.432186955405468,,,11.556501388549805,F,btc_call
16.85791694104246,,,,,2022-11-30,2023-01-02,16.85791694104246,,,,,,36.97222274780274,BAC,write_cc
15.002958573597613,,,,,2022-12-01,2023-01-03,15.002958573597613,,,,,,11.572939682006837,F,write_cc
-6.558514415797978,6.558514415797978,,,,2022-12-02,2023-01-02,,16.85791694104246,,10.299402525244483,,,36.97222274780274,BAC,btc_call
22.856517681581856,,,,,2022-12-02,2023-01-04,22.856517681581856,,,,,,35.44932815551758,BAC,write_cc
-5.175592715541866,5.175592715541866,,,,2022-12-05,2023-01-03,,15.002958573597613,,9.827365858055748,,,11.572939682006837,F,btc_call
15.572696939401531,,,,,2022-12-05,2023-01-07,15.572696939401531,,,,,,10.997581901550294,F,write_cc
-3.8640645401267992,3.8640645401267992,,,,2022-12-06,2023-01-04,,22.856517681581856,,18.99245314145506,,,35.44932815551758,BAC,btc_call
36.453092714340855,,,,,2022-12-06,2023-01-08,36.453092714340855,,,,,,32.42315780639649,BAC,write_cc
-5.561765506248606,5.561765506248606,,,,2022-12-12,2023-01-07,,15.572696939401531,,10.010931433152926,,,10.997581901550294,F,btc_call
-13.86455184071158,13.86455184071158,,,,2022-12-12,2023-01-08,,36.453092714340855,,22.588540873629274,,,32.42315780639649,BAC,btc_call
23.049282357437484,,,,,2022-12-12,2023-01-14,23.049282357437484,,,,,,32.15788124084473,BAC,write_cc
-8.550497138893531,8.550497138893531,,,,2022-12-15,2023-01-14,,23.049282357437484,,14.498785218543953,,,32.15788124084473,BAC,btc_call
21.523739814047804,,,,,2022-12-15,2023-01-17,21.523739814047804,,,,,,31.21465690612793,BAC,write_cc
15.178672208953081,,,,,2022-12-22,2023-01-24,15.178672208953081,,,,,,9.29615982055664,F,write_cc
-85.20575908728603,85.20575908728603,,,,2023-01-13,2023-01-17,,21.523739814047804,,-63.682019273238225,,,31.21465690612793,BAC,btc_call
-47.110322139870945,47.110322139870945,,,,2023-01-17,2023-01-24,,15.178672208953081,,-31.931649930917864,,,9.29615982055664,F,btc_call
29.36731813392508,,,,,2023-01-17,2023-02-19,29.36731813392508,,,,,,10.414000854492189,F,write_cc
-11.552959141407303,11.552959141407303,,,,2023-01-19,2023-02-19,,29.36731813392508,,17.81435899251778,,,10.414000854492189,F,btc_call
21.229832455364715,,,,,2023-01-19,2023-02-21,21.229832455364715,,,,,,10.0,F,write_cc
15.943738591460122,,,,,2023-01-26,2023-02-28,15.943738591460122,,,,,,17.86315773010254,T,write_cc
-5.227339137387954,5.227339137387954,,,,2023-02-06,2023-02-28,,15.943738591460122,,10.716399454072167,,,17.86315773010254,T,btc_call
16.416565460766464,,,,,2023-02-06,2023-03-11,16.416565460766464,,,,,,17.48803092956543,T,write_cc
-6.088830079929419,6.088830079929419,,,,2023-02-09,2023-03-11,,16.416565460766464,,10.327735380837044,,,17.48803092956543,T,btc_call
15.225813510740238,,,,,2023-02-13,2023-03-18,15.225813510740238,,,,,,17.20222194671631,T,write_cc
-56.92889536465033,56.92889536465033,,,,2023-02-14,2023-02-21,,21.229832455364715,,-35.699062909285615,,,10.0,F,btc_call
24.97495786070636,,,,,2023-02-14,2023-03-19,24.97495786070636,,,,,,11.332646026611329,F,write_cc
-9.010793124034478,9.010793124034478,,,,2023-02-21,2023-03-19,,24.97495786070636,,15.964164736671883,,,11.332646026611329,F,btc_call
26.598439439281798,,,,,2023-02-21,2023-03-26,26.598439439281798,,,,,,10.659851188659669,F,write_cc
-0.7318826860390093,0.7318826860390093,,,,2023-02-24,2023-03-18,,15.225813510740238,,14.493930824701229,,,17.20222194671631,T,btc_call
-9.480037501577998,9.480037501577998,,,,2023-03-09,2023-03-26,,26.598439439281798,,17.1184019377038,,,10.659851188659669,F,btc_call
20.81036362776123,,,,,2023-03-09,2023-04-11,20.81036362776123,,,,,,30.200774688720706,BAC,write_cc
-5.472589152339213,5.472589152339213,,,,2023-03-13,2023-04-11,,20.81036362776123,,15.337774475422016,,,30.200774688720706,BAC,btc_call
30.825730246969663,,,,,2023-03-13,2023-04-15,30.825730246969663,,,,,,28.193321228027347,BAC,write_cc
15.039266483026381,,,,,2023-03-17,2023-04-19,15.039266483026381,,,,,,9.873470420837403,F,write_cc
-9.886213926798693,9.886213926798693,,,,2023-03-23,2023-04-15,,30.825730246969663,,20.93951632017097,,,28.193321228027347,BAC,btc_call
44.82170683527542,,,,,2023-03-23,2023-04-25,44.82170683527542,,,,,,26.67042663574219,BAC,write_cc
-43.87365816715585,43.87365816715585,,,,2023-04-12,2023-04-19,,15.039266483026381,,-28.83439168412947,,,9.873470420837403,F,btc_call
15.244047912685543,,,,,2023-04-12,2023-05-15,15.244047912685543,,,,,,11.070517044067383,F,write_cc
-140.97271533275836,140.97271533275836,,,,2023-04-18,2023-04-25,,44.82170683527542,,-96.15100849748293,,,26.67042663574219,BAC,btc_call
37.29341932825143,,,,,2023-04-18,2023-05-21,37.29341932825143,,,,,,30.220548019409183,BAC,write_cc
-4.689229881137602,4.689229881137602,,,,2023-04-19,2023-05-15,,15.244047912685543,,10.554818031547942,,,11.070517044067383,F,btc_call
30.752240491194716,,,,,2023-04-20,2023-05-23,30.752240491194716,,,,,,15.987807998657228,T,write_cc
-9.5550057073432,9.5550057073432,,,,2023-04-24,2023-05-21,,37.29341932825143,,27.738413620908233,,,30.220548019409183,BAC,btc_call
24.736771547292413,,,,,2023-04-24,2023-05-27,24.736771547292413,,,,,,29.429437637329105,BAC,write_cc
-5.549294111387182,5.549294111387182,,,,2023-04-26,2023-05-27,,24.736771547292413,,19.18747743590523,,,29.429437637329105,BAC,btc_call
20.014543127311413,,,,,2023-04-26,2023-05-29,20.014543127311413,,,,,,28.124099121093753,BAC,write_cc
-9.028819183742831,9.028819183742831,,,,2023-05-04,2023-05-23,,30.752240491194716,,21.723421307451886,,,15.987807998657228,T,btc_call
-4.034250062390754,4.034250062390754,,,,2023-05-04,2023-05-29,,20.014543127311413,,15.980293064920659,,,28.124099121093753,BAC,btc_call
34.8042802100271,,,,,2023-05-04,2023-06-06,34.8042802100271,,,,,,15.31749538421631,T,write_cc
24.495849775784873,,,,,2023-05-04,2023-06-06,24.495849775784873,,,,,,26.690206146240236,BAC,write_cc
-13.192118902270789,13.192118902270789,,,,2023-05-18,2023-06-06,,34.8042802100271,,21.612161307756313,,,15.31749538421631,T,btc_call
34.10965431305178,,,,,2023-05-18,2023-06-20,34.10965431305178,,,,,,14.991401252746583,T,write_cc
-5.842962700384291,5.842962700384291,,,,2023-05-19,2023-06-20,,34.10965431305178,,28.266691612667486,,,14.991401252746583,T,btc_call
15.329990795136084,,,,,2023-05-26,2023-06-28,15.329990795136084,,,,,,10.695675544738771,F,write_cc
-4.049831958235872,4.049831958235872,,,,2023-05-31,2023-06-06,,24.495849775784873,,20.446017817549,,,26.690206146240236,BAC,btc_call
21.989214680422986,,,,,2023-05-31,2023-07-03,21.989214680422986,,,,,,27.481324768066408,BAC,write_cc
-81.81123501531343,81.81123501531343,,,,2023-06-21,2023-06-28,,15.329990795136084,,-66.48124422017735,,,10.695675544738771,F,btc_call
-6.101652307704164,6.101652307704164,,,,2023-06-21,2023-07-03,,21.989214680422986,,15.887562372718822,,,27.481324768066408,BAC,btc_call
22.898684413587933,,,,,2023-06-21,2023-07-24,22.898684413587933,,,,,,12.403091011047364,F,write_cc
-0.8597828833371346,0.8597828833371346,,,,2023-07-17,2023-07-24,,22.898684413587933,,22.038901530250797,,,12.403091011047364,F,btc_call
19.31557300522968,,,,,2023-07-18,2023-08-20,19.31557300522968,,,,,,30.601251068115236,BAC,write_cc
28.508106514939115,,,,,2023-07-19,2023-08-21,28.508106514939115,,,,,,13.451619300842285,T,write_cc
-7.448569596678745,7.448569596678745,,,,2023-08-03,2023-08-21,,28.508106514939115,,21.05953691826037,,,13.451619300842285,T,btc_call
27.939891293353945,,,,,2023-08-03,2023-09-05,27.939891293353945,,,,,,12.990631256103516,T,write_cc
-6.914267510892413,6.914267510892413,,,,2023-08-08,2023-08-20,,19.31557300522968,,12.401305494337267,,,30.601251068115236,BAC,btc_call
19.470474545284322,,,,,2023-08-08,2023-09-10,19.470474545284322,,,,,,31.16941864013672,BAC,write_cc
-9.727809876421079,9.727809876421079,,,,2023-08-15,2023-09-05,,27.939891293353945,,18.212081416932868,,,12.990631256103516,T,btc_call
-4.969953181059039,4.969953181059039,,,,2023-08-15,2023-09-10,,19.470474545284322,,14.500521364225282,,,31.16941864013672,BAC,btc_call
15.990540775212558,,,,,2023-08-15,2023-09-17,15.990540775212558,,,,,,13.036732635498048,T,write_cc
23.676189572778483,,,,,2023-08-15,2023-09-17,23.676189572778483,,,,,,29.843699111938477,BAC,write_cc
-8.126897227373497,8.126897227373497,,,,2023-08-16,2023-09-17,,23.676189572778483,,15.549292345404986,,,29.843699111938477,BAC,btc_call
15.738434004374469,,,,,2023-08-16,2023-09-18,15.738434004374469,,,,,,29.19578521728516,BAC,write_cc
-0.9557584944263287,0.9557584944263287,,,,2023-08-17,2023-09-17,,15.990540775212558,,15.03478228078623,,,13.036732635498048,T,btc_call
-1.674968693892387,1.674968693892387,,,,2023-08-22,2023-09-18,,15.738434004374469,,14.063465310482082,,,29.19578521728516,BAC,btc_call
18.518039328463367,,,,,2023-10-24,2023-11-26,18.518039328463367,,,,,,14.591812705993654,T,write_cc
16.488736986007744,,,,,2023-10-26,2023-11-28,16.488736986007744,,,,,,26.25294960021973,BAC,write_cc
22.907656608266613,,,,,2023-10-27,2023-11-29,22.907656608266613,,,,,,8.907238655090332,F,write_cc
-5.377858836591343,5.377858836591343,,,,2023-11-13,2023-11-26,,18.518039328463367,,13.140180491872023,,,14.591812705993654,T,btc_call
18.240959887341468,,,,,2023-11-13,2023-12-16,18.240959887341468,,,,,,14.638791618347168,T,write_cc
-143.2173390448746,143.2173390448746,,,,2023-11-21,2023-11-28,,16.488736986007744,,-126.72860205886684,,,26.25294960021973,BAC,btc_call
34.89794982101513,,,,,2023-11-21,2023-12-24,34.89794982101513,,,,,,29.810964660644533,BAC,write_cc
-5.313422492442044,5.313422492442044,,,,2023-11-24,2023-12-16,,18.240959887341468,,12.927537394899424,,,14.638791618347168,T,btc_call
-6.891161285775027,6.891161285775027,,,,2023-11-27,2023-11-29,,22.907656608266613,,16.016495322491586,,,8.907238655090332,F,btc_call
34.47760021791528,,,,,2023-11-27,2023-12-30,34.47760021791528,,,,,,9.391258850097657,F,write_cc
-13.727713696093424,13.727713696093424,,,,2023-11-28,2023-12-30,,34.47760021791528,,20.749886521821857,,,9.391258850097657,F,btc_call
16.100407581523115,,,,,2023-12-01,2024-01-03,16.100407581523115,,,,,,9.60923927307129,F,write_cc
-158.59232305612352,158.59232305612352,,,,2023-12-18,2023-12-24,,34.89794982101513,,-123.69437323510839,,,29.810964660644533,BAC,btc_call
25.94445823261422,,,,,2023-12-18,2024-01-20,25.94445823261422,,,,,,33.86833717346192,BAC,write_cc
-81.93027028406644,81.93027028406644,,,,2023-12-27,2024-01-03,,16.100407581523115,,-65.82986270254332,,,9.60923927307129,F,btc_call
15.159864231852982,,,,,2023-12-28,2024-01-30,15.159864231852982,,,,,,11.207751045227052,F,write_cc
-9.28499625027488,9.28499625027488,,,,2024-01-03,2024-01-20,,25.94445823261422,,16.65946198233934,,,33.86833717346192,BAC,btc_call
-4.031054550242629,4.031054550242629,,,,2024-01-03,2024-01-30,,15.159864231852982,,11.128809681610353,,,11.207751045227052,F,btc_call
24.480301807212967,,,,,2024-01-03,2024-02-05,24.480301807212967,,,,,,33.96964485168457,BAC,write_cc
15.349516761868909,,,,,2024-01-12,2024-02-14,15.349516761868909,,,,,,10.408495674133302,F,write_cc
-2.05525471755007,2.05525471755007,,,,2024-01-16,2024-02-05,,24.480301807212967,,22.425047089662897,,,33.96964485168457,BAC,btc_call
22.390019042200127,,,,,2024-01-16,2024-02-18,22.390019042200127,,,,,,32.54115509033203,BAC,write_cc
-3.0850947259007167,3.0850947259007167,,,,2024-01-17,2024-02-14,,15.349516761868909,,12.264422035968192,,,10.408495674133302,F,btc_call
-2.3787116134748043,2.3787116134748043,,,,2024-01-17,2024-02-18,,22.390019042200127,,20.011307428725324,,,32.54115509033203,BAC,btc_call
21.00841115312071,,,,,2024-02-07,2024-03-11,21.00841115312071,,,,,,11.625545310974122,F,write_cc
15.007922844454047,,,,,2024-02-13,2024-03-17,15.007922844454047,,,,,,33.179420242309575,BAC,write_cc
-8.228008261829455,8.228008261829455,,,,2024-02-20,2024-03-11,,21.00841115312071,,12.780402891291256,,,11.625545310974122,F,btc_call
20.33939787054151,,,,,2024-02-20,2024-03-24,20.33939787054151,,,,,,11.426220703125,F,write_cc
-6.612811657960194,6.612811657960194,,,,2024-03-07,2024-03-24,,20.33939787054151,,13.726586212581317,,,11.426220703125,F,btc_call
-81.522961638899,81.522961638899,,,,2024-03-11,2024-03-17,,15.007922844454047,,-66.51503879444496,,,33.179420242309575,BAC,btc_call
15.090760322786645,,,,,2024-03-27,2024-04-29,15.090760322786645,,,,,,12.181750831604004,F,write_cc
-3.7239632975353154,3.7239632975353154,,,,2024-04-12,2024-04-29,,15.090760322786645,,11.36679702525133,,,12.181750831604004,F,btc_call
19.286900498962556,,,,,2024-04-12,2024-05-15,19.286900498962556,,,,,,11.762011985778809,F,write_cc
18.556423647370934,,,,,2024-04-16,2024-05-19,18.556423647370934,,,,,,35.38222366333008,BAC,write_cc
-7.3611338428824835,7.3611338428824835,,,,2024-04-17,2024-05-15,,19.286900498962556,,11.925766656080071,,,11.762011985778809,F,btc_call
19.153000257102228,,,,,2024-04-17,2024-05-20,19.153000257102228,,,,,,11.230341339111328,F,write_cc
-5.667380223470175,5.667380223470175,,,,2024-05-09,2024-05-20,,19.153000257102228,,13.485620033632053,,,11.230341339111328,F,btc_call
-106.04067807372743,106.04067807372743,,,,2024-05-14,2024-05-19,,18.556423647370934,,-87.4842544263565,,,35.38222366333008,BAC,btc_call
18.36772631708934,,,,,2024-05-14,2024-06-16,18.36772631708934,,,,,,39.269365081787114,BAC,write_cc
-3.524418531952933,3.524418531952933,,,,2024-05-20,2024-06-16,,18.36772631708934,,14.843307785136407,,,39.269365081787114,BAC,btc_call
21.770411484333163,,,,,2024-07-16,2024-08-18,21.770411484333163,,,,,,45.297415008544924,BAC,write_cc
-5.863362653872861,5.863362653872861,,,,2024-07-22,2024-08-18,,21.770411484333163,,15.907048830460301,,,45.297415008544924,BAC,btc_call
28.493460654242675,,,,,2024-07-22,2024-08-24,28.493460654242675,,,,,,43.41899597167969,BAC,write_cc
61.04379975986745,,,,,2024-07-25,2024-08-27,61.04379975986745,,,,,,10.5,F,write_cc
-7.087011630219209,7.087011630219209,,,,2024-07-29,2024-08-24,,28.493460654242675,,21.406449024023466,,,43.41899597167969,BAC,btc_call
25.48304393173657,,,,,2024-07-29,2024-08-31,25.48304393173657,,,,,,42.17699432373047,BAC,write_cc
-7.774633010386678,7.774633010386678,,,,2024-08-01,2024-08-31,,25.48304393173657,,17.708410921349895,,,42.17699432373047,BAC,btc_call
26.676392554185213,,,,,2024-08-01,2024-09-03,26.676392554185213,,,,,,40.54492721557617,BAC,write_cc
-20.240058059945643,20.240058059945643,,,,2024-08-02,2024-08-27,,61.04379975986745,,40.8037416999218,,,10.5,F,btc_call
54.60236297422823,,,,,2024-08-02,2024-09-04,54.60236297422823,,,,,,9.469138870239258,F,write_cc
-6.214035643510285,6.214035643510285,,,,2024-08-05,2024-09-03,,26.676392554185213,,20.462356910674927,,,40.54492721557617,BAC,btc_call
41.12437979955254,,,,,2024-08-05,2024-09-07,41.12437979955254,,,,,,37.61954544067383,BAC,write_cc
15.13785293616512,,,,,2024-08-16,2024-09-18,15.13785293616512,,,,,,19.052309646606446,T,write_cc
-3.0256244830697554,3.0256244830697554,,,,2024-08-22,2024-09-18,,15.13785293616512,,12.112228453095364,,,19.052309646606446,T,btc_call
-40.600358517856705,40.600358517856705,,,,2024-08-28,2024-09-04,,54.60236297422823,,14.002004456371523,,,9.469138870239258,F,btc_call
16.472451620809814,,,,,2024-08-28,2024-09-30,16.472451620809814,,,,,,10.585007514953613,F,write_cc
-108.68737552331211,108.68737552331211,,,,2024-09-03,2024-09-07,,41.12437979955254,,-67.56299572375957,,,37.61954544067383,BAC,btc_call
-6.110140116398388,6.110140116398388,,,,2024-09-03,2024-09-30,,16.472451620809814,,10.362311504411426,,,10.585007514953613,F,btc_call
21.840932439485172,,,,,2024-10-11,2024-11-13,21.840932439485172,,,,,,43.34047119140625,BAC,write_cc
-7.055957741857766,7.055957741857766,,,,2024-10-21,2024-11-13,,21.840932439485172,,14.784974697627407,,,43.34047119140625,BAC,btc_call
16.48954769823261,,,,,2024-10-21,2024-11-23,16.48954769823261,,,,,,43.144179840087894,BAC,write_cc
17.065696498316953,,,,,2024-10-29,2024-12-01,17.065696498316953,,,,,,9.980971298217774,F,write_cc
-3.8596207719095332,3.8596207719095332,,,,2024-11-04,2024-11-23,,16.48954769823261,,12.629926926323076,,,43.144179840087894,BAC,btc_call
17.66649896520356,,,,,2024-11-04,2024-12-07,17.66649896520356,,,,,,42.699929809570314,BAC,write_cc
-39.81159493940858,39.81159493940858,,,,2024-11-25,2024-12-01,,17.065696498316953,,-22.745898441091626,,,9.980971298217774,F,btc_call
25.782542052212065,,,,,2024-11-25,2024-12-28,25.782542052212065,,,,,,11.078678512573243,F,write_cc
-6.718996154590795,6.718996154590795,,,,2024-11-27,2024-12-28,,25.782542052212065,,19.06354589762127,,,11.078678512573243,F,btc_call
-235.47483873793666,235.47483873793666,,,,2024-12-02,2024-12-07,,17.66649896520356,,-217.80833977273312,,,42.699929809570314,BAC,btc_call
51.534493974526896,,,,,2024-12-02,2025-01-04,51.534493974526896,,,,,,48.59918838500977,BAC,write_cc
-2.972313916130709,2.972313916130709,,,,2024-12-06,2025-01-04,,51.534493974526896,,48.56218005839619,,,48.59918838500977,BAC,btc_call
