date,nav,spy
2022-01-03,10000.0,448.37310791015625
2022-01-04,9993.233333333332,448.222900390625
2022-01-05,9844.715141412664,439.6159362792969
2022-01-06,9829.283373529981,439.20306396484375
2022-01-07,9759.77139870197,437.4666748046875
2022-01-10,9732.912129578017,436.92230224609375
2022-01-11,9790.491590629079,440.9019470214844
2022-01-12,9803.963031218775,442.0938415527344
2022-01-13,9676.503847890695,436.0024719238281
2022-01-14,9637.873134687572,436.18072509765625
2022-01-18,9471.364927300492,428.4562072753906
2022-01-19,9385.297494724897,424.0072937011719
2022-01-20,9265.897348828415,419.31439208984375
2022-01-21,9157.886740558288,411.0829772949219
2022-01-24,9176.493794491384,412.8287353515625
2022-01-25,9083.57483389611,407.7884826660156
2022-01-26,9098.296753669118,406.7655029296875
2022-01-27,9071.483312415963,404.7568359375
2022-01-28,9312.317736230485,414.8091735839844
2022-01-31,9446.897988144852,422.2802734375
2022-02-01,9505.129693445197,425.1336364746094
2022-02-02,9649.627664402522,429.26348876953125
2022-02-03,9445.067665529805,419.1735534667969
2022-02-04,9456.492689363822,421.1446533203125
2022-02-07,9416.034924923482,419.7930603027344
2022-02-08,9494.156381984762,423.2470397949219
2022-02-09,9605.39995202432,429.4417724609375
2022-02-10,9398.031774550276,421.7265625
2022-02-11,9225.875972549191,413.4106140136719
2022-02-14,9199.30319912236,412.05908203125
2022-02-15,9343.904727076808,418.70428466796875
2022-02-16,9344.119933787644,419.1735534667969
2022-02-17,9190.348965207484,410.21942138671875
2022-02-18,9139.767419141896,407.5633239746094
2022-02-22,9037.226128977345,403.189453125
2022-02-23,8909.619576114565,396.03741455078125
2022-02-24,9011.162184385004,401.9974365234375
2022-02-25,9205.5255153024,410.8670959472656
2022-02-28,9167.575846233305,409.8158874511719
2022-03-01,9045.956090634387,403.57421875
2022-03-02,9201.164105264183,410.9985046386719
2022-03-03,9186.662588373063,408.9523620605469
2022-03-04,9129.655872924957,405.6297912597656
2022-03-07,8908.883210237242,393.67218017578125
2022-03-08,8852.10875229197,390.68743896484375
2022-03-09,9053.70911630679,401.1621398925781
2022-03-10,9036.927171997513,399.3505859375
2022-03-11,8959.480845159573,394.27288818359375
2022-03-14,8914.334501182248,391.3912658691406
2022-03-15,9115.505758100348,399.9981994628906
2022-03-16,9263.914691814383,408.86785888671875
2022-03-17,9365.967395218622,413.98321533203125
2022-03-18,9472.152436163715,418.5174255371094
2022-03-21,9443.772736726147,418.3950500488281
2022-03-22,9507.18690502826,423.2909240722656
2022-03-23,9372.082870474422,417.8396301269531
2022-03-24,9503.73464343903,424.1381530761719
2022-03-25,9529.094582682603,426.2095031738281
2022-03-28,9597.397866915248,429.2411804199219
2022-03-29,9706.480952575244,434.5513000488281
2022-03-30,9650.308183302395,431.8679504394531
2022-03-31,9520.385506427798,425.22100830078125
2022-04-01,9546.062291993632,426.4261474609375
2022-04-04,9622.327405265147,430.0791320800781
2022-04-05,9518.671004239046,424.64666748046875
2022-04-06,9449.310821330942,420.4004211425781
2022-04-07,9507.918533607937,422.518798828125
2022-04-08,9472.141981389064,421.3890380859375
2022-04-11,9309.006396554756,414.1865539550781
2022-04-12,9269.899030109838,412.65185546875
2022-04-13,9374.661731106426,417.37823486328125
2022-04-14,9278.505326456623,412.1811218261719
2022-04-18,9266.805567608275,412.3505859375
2022-04-19,9422.024246608682,419.0070495605469
2022-04-20,9468.360382777904,418.6963195800781
2022-04-21,9346.40968250126,412.435302734375
2022-04-22,9092.625177507989,401.1185302734375
2022-04-25,9159.3683560214,403.4439392089844
2022-04-26,8922.991746691985,391.7598571777344
2022-04-27,8937.900821325626,392.8614807128906
2022-04-28,9199.1074784846,402.7850036621094
2022-04-29,8894.36292858852,387.89971923828125
2022-05-02,8953.059836532237,390.2346496582031
2022-05-03,8940.23689181391,392.0235595703125
2022-05-04,9187.380118566705,403.96173095703125
2022-05-05,8870.262785970308,389.6038513183594
2022-05-06,8823.592674628213,387.27838134765625
2022-05-09,8620.892000177568,374.87872314453125
2022-05-10,8644.825727124728,375.7449035644531
2022-05-11,8522.588342783281,369.7757873535156
2022-05-12,8532.445214201805,369.3897399902344
2022-05-13,8697.781495442923,378.2210998535156
2022-05-16,8678.408489379202,376.6864013671875
2022-05-17,8810.04646113855,384.4350280761719
2022-05-18,8454.45745658552,368.9378662109375
2022-05-19,8350.124902952115,366.67822265625
2022-05-20,8396.461411325909,366.8382873535156
2022-05-23,8526.10143901047,373.70184326171875
2022-05-24,8498.750535159435,370.8491516113281
2022-05-25,8550.220414850623,374.12548828125
2022-05-26,8730.461647606697,381.60113525390625
2022-05-27,8931.708213781141,390.9690856933594
2022-05-31,8900.077230635048,388.7753601074219
2022-06-01,8818.461892759042,385.6307067871094
2022-06-02,8970.548613404851,392.9744873046875
2022-06-03,8844.387516763465,386.525146484375
2022-06-06,8843.448437392426,387.70196533203125
2022-06-07,8907.109735237224,391.4209899902344
2022-06-08,8817.136931034578,387.1653747558594
2022-06-09,8659.264247942952,377.95745849609375
2022-06-10,8429.187830996934,366.998291015625
2022-06-13,8185.837373534071,353.0640563964844
2022-06-14,8176.499617199622,352.0002136230469
2022-06-15,8258.351701432644,357.0184020996094
2022-06-16,8035.611882238739,345.2024841308594
2022-06-17,8026.075321354398,345.9467468261719
2022-06-21,8212.212057002893,354.6554260253906
2022-06-22,8192.96420417885,354.0124816894531
2022-06-23,8275.9662665912,357.48272705078125
2022-06-24,8498.390314499185,368.848388671875
2022-06-27,8469.667330400585,367.4395751953125
2022-06-28,8296.460155597502,359.93170166015625
2022-06-29,8316.865193923108,359.6385803222656
2022-06-30,8267.599552694377,356.7167663574219
2022-07-01,8313.21431582438,360.4896240234375
2022-07-05,8361.021632262185,361.17041015625
2022-07-06,8399.34742981044,362.39013671875
2022-07-07,8520.73938627168,367.8177185058594
2022-07-08,8528.672641293608,367.5151672363281
2022-07-11,8447.034292361503,363.3168029785156
2022-07-12,8373.808396270199,360.1018981933594
2022-07-13,8355.805585040534,358.2107849121094
2022-07-14,8385.433257809384,357.3408203125
2022-07-15,8537.036871847977,364.1678161621094
2022-07-18,8454.588773658606,361.16094970703125
2022-07-19,8679.680663673536,370.919189453125
2022-07-20,8729.484168288285,373.283203125
2022-07-21,8831.14705508894,377.0843811035156
2022-07-22,8759.741822992084,373.58575439453125
2022-07-25,8761.65851664284,374.03961181640625
2022-07-26,8639.720787211689,369.61431884765625
2022-07-27,8834.756316105804,379.2118835449219
2022-07-28,8941.92892656753,383.9681396484375
2022-07-29,9035.768911486992,389.56591796875
2022-08-01,9030.18761870101,388.412353515625
2022-08-02,8947.857217650933,385.8498229980469
2022-08-03,9084.109178572693,391.8919982910156
2022-08-04,9083.739628571833,391.62725830078125
2022-08-05,9080.050921236405,390.9653015136719
2022-08-08,9031.430069237202,390.5114440917969
2022-08-09,8955.744489298966,388.9607238769531
2022-08-10,9136.001205582836,397.1304931640625
2022-08-11,9112.44851080493,397.1304931640625
2022-08-12,9259.207947415141,403.8533935546875
2022-08-15,9309.72958165113,405.51776123046875
2022-08-16,9355.5905577584,406.31201171875
2022-08-17,9291.654160435124,403.42791748046875
2022-08-18,9343.922802828256,404.6004638671875
2022-08-19,9221.242435767846,399.1634216308594
2022-08-22,9030.594952946642,390.8518981933594
2022-08-23,8989.091614455765,389.9063415527344
2022-08-24,8999.728767656854,391.1544494628906
2022-08-25,9136.646586482437,396.6765441894531
2022-08-26,8803.078512837432,383.2495422363281
2022-08-29,8752.347052670968,380.7154235839844
2022-08-30,8676.977135772458,376.5359191894531
2022-08-31,8599.015841349556,373.6707458496094
2022-09-01,8639.331251418507,374.8434143066406
2022-09-02,8548.436058008909,370.890869140625
2022-09-06,8521.629344968054,369.491455078125
2022-09-07,8659.851494075703,376.1293640136719
2022-09-08,8722.842736936484,378.5877380371094
2022-09-09,8836.383279351128,384.4692687988281
2022-09-12,8897.199087558723,388.6014099121094
2022-09-13,8508.689301476577,371.7040710449219
2022-09-14,8520.883314238394,373.1224365234375
2022-09-15,8420.805006101564,368.8861999511719
2022-09-16,8402.282669226077,366.0719909667969
2022-09-19,8449.749400398809,368.9110107421875
2022-09-20,8349.489362490236,364.6763916015625
2022-09-21,8223.50495112304,358.3150329589844
2022-09-22,8188.665404405822,355.3052062988281
2022-09-23,8079.292831113535,349.35211181640625
2022-09-26,8021.660488781069,345.8961486816406
2022-09-27,7992.142416711901,345.0132141113281
2022-09-28,8131.105328831722,351.8017578125
2022-09-29,7975.967032241702,344.4530029296875
2022-09-30,7829.398231123128,339.1264953613281
2022-10-03,8031.978537290862,348.079833984375
2022-10-04,8260.525135758715,358.86566162109375
2022-10-05,8289.901112189522,358.0301208496094
2022-10-06,8221.519184208217,354.3368225097656
2022-10-07,8006.481672535541,344.4530029296875
2022-10-10,7921.877845729637,341.8229675292969
2022-10-11,7904.359017503989,339.6581726074219
2022-10-12,7885.721230453357,338.5378723144531
2022-10-13,8078.192218748568,347.4721984863281
2022-10-14,7929.032488171279,339.5538330078125
2022-10-17,8114.512297800271,348.2792663574219
2022-10-18,8185.092524788879,352.37139892578125
2022-10-19,8116.116515757894,349.87432861328125
2022-10-20,8078.834146844122,346.9405212402344
2022-10-21,8286.340594290928,355.37164306640625
2022-10-24,8404.066964799826,359.72021484375
2022-10-25,8517.786631040442,365.4644470214844
2022-10-26,8493.108353877748,362.7109680175781
2022-10-27,8470.230473316315,360.7741394042969
2022-10-28,8683.902724510932,369.357177734375
2022-10-31,8625.101985713945,366.689208984375
2022-11-01,8595.693502501868,365.08465576171875
2022-11-02,8396.393786329274,355.92242431640625
2022-11-03,8305.410840843775,352.25750732421875
2022-11-04,8456.429359447518,357.3276062011719
2022-11-07,8561.753253773044,360.7455749511719
2022-11-08,8625.01759357565,362.6920166015625
2022-11-09,8470.13338378968,355.2197265625
2022-11-10,8925.72221330039,374.7405700683594
2022-11-11,8986.76378497972,378.3675537109375
2022-11-14,8916.527672670225,375.1488342285156
2022-11-15,9007.72732267625,378.34844970703125
2022-11-16,8968.872510491194,375.462158203125
2022-11-17,8971.433615541302,374.3133544921875
2022-11-18,9009.120051420938,376.0128479003906
2022-11-21,8970.17149925897,374.6456604003906
2022-11-22,9109.113753237376,379.687255859375
2022-11-23,9150.94417179986,382.07989501953125
2022-11-25,9151.623983595706,381.994384765625
2022-11-28,9028.271208485663,375.8988952636719
2022-11-29,8995.83807480316,375.2532958984375
2022-11-30,9269.583586312558,387.07403564453125
2022-12-01,9262.800914219106,386.7891540527344
2022-12-02,9237.44875629145,386.34295654296875
2022-12-05,9095.251187126538,379.3929443359375
2022-12-06,8974.878166199282,373.924072265625
2022-12-07,8980.416533573012,373.2879943847656
2022-12-08,9076.58654677051,376.2121887207031
2022-12-09,8996.047302398178,373.4018249511719
2022-12-12,9140.253943674956,378.78533935546875
2022-12-13,9198.03543945696,381.6526184082031
2022-12-14,9166.400886707863,379.21246337890625
2022-12-15,8946.890385678022,369.9363098144531
2022-12-16,8863.973677568425,365.56878662109375
2022-12-19,8792.768605099644,362.4689636230469
2022-12-20,8795.680603532885,362.9649353027344
2022-12-21,8951.70179140696,368.39215087890625
2022-12-22,8833.681423016445,363.1365661621094
2022-12-23,8872.223382758151,365.2254638671875
2022-12-27,8845.251919575185,363.7851867675781
2022-12-28,8754.822303300838,359.2641296386719
2022-12-29,8887.446935906713,365.7309875488281
2022-12-30,8866.002454148971,364.76763916015625
