cash_change,cost_basis,date,price,realized_pnl,shares,ticker,type
-447.96497573728215,,2000-01-03,0.8375882982611655,,534.8271658847885,AAPL,buy
-447.96497573728215,,2000-01-03,32.08497428894043,,13.961830597186857,AXP,buy
-447.96497573728215,,2000-01-03,4.471878125,,100.17378900219516,AMZN,buy
-447.96497573728215,,2000-01-03,37.13886354064941,,12.061892396006499,HD,buy
-447.96497573728215,,2000-01-03,29.619577080154418,,15.123949086951201,COST,buy
-447.9649757372821,,2000-01-03,23.051595792198178,,19.4331437951422,JNJ,buy
-447.96497573728215,,2000-01-03,22.70750209827423,,19.727620140628655,JPM,buy
-447.96497573728215,,2000-01-03,9.627382837963104,,46.53029626814545,LOW,buy
-447.96497573728215,,2000-01-03,12.506417588424682,,35.8188084293536,CAT,buy
-447.9649757372821,,2000-01-03,13.364889153766631,,33.518046471117344,KO,buy
-447.9649757372821,,2000-01-03,12.238668382549285,,36.60242779157417,BAC,buy
-447.96497573728215,,2000-01-03,7.9912352458953855,,56.05703773610903,ABT,buy
-447.96497573728215,,2000-01-03,42.03507260818481,,10.65693355433998,AMGN,buy
-447.9649757372821,,2000-01-03,25.958448654365537,,17.257001052023423,BA,buy
-447.9649757372821,,2000-01-03,9.79524585008621,,45.73289763149124,BLK,buy
-447.96497573728215,,2000-01-03,22.689825777816772,,19.74298877936936,BMY,buy
-447.9649757372821,,2000-01-03,204.8203063934326,,2.187112125869009,C,buy
-447.9649757372821,,2000-01-03,7.406868803405761,,60.47966929443962,COP,buy
-447.96497573728215,,2000-01-03,34.667236388015745,,12.921854246568698,CSCO,buy
-447.96497573728215,,2000-01-03,15.454831085491179,,28.985433309447593,CVX,buy
-447.9649757372821,,2000-01-03,129.3672576507568,,3.4627384383969853,GE,buy
-447.96497573728215,,2000-01-03,60.516578951644895,,7.4023512812121055,GS,buy
149.46049218362774,0.8375882982611655,2000-04-03,0.9961341115951537,23.788298200736705,150.0405321370734,AAPL,sell
91.92610670863428,7.9912352458953855,2000-04-03,8.47752962808609,5.273133947060529,10.843501673421784,ABT,sell
38.71819408108068,42.03507260818481,2000-04-03,39.60025494117737,-2.380584244300209,0.977725879254896,AMGN,sell
-65.24841719757588,,2000-04-03,3.1803495920658107,,20.51611475680366,AMZN,buy
59.7196299930449,32.08497428894043,2000-04-03,31.730704542732237,-0.666762949835892,1.8820770245621095,AXP,sell
32.0635999544225,25.958448654365537,2000-04-03,24.069227918815614,-2.516707976449844,1.3321407758724764,BA,sell
134.89647829734912,12.238668382549285,2000-04-03,14.157409798336028,18.282402179480798,9.52833040922528,BAC,sell
171.66948485790599,9.79524585008621,2000-04-03,12.134997018814087,33.09962723587478,14.146644172367722,BLK,sell
46.71676853073521,22.689825777816772,2000-04-03,21.78068705291748,-1.9499854742993037,2.144871207103524,BMY,sell
141.4561539208895,204.8203063934326,2000-04-03,239.9306552581787,20.70004313489389,0.5895709898706976,C,sell
4.366788967534438,12.506417588424682,2000-04-03,10.822969761657715,-0.6792277497982999,0.40347419088285363,CAT,sell
79.87986794223457,7.406868803405761,2000-04-03,7.658424143314361,2.6238044480214313,10.430326976858282,COP,sell
144.45937776368766,29.619577080154418,2000-04-03,34.895546546173094,21.84127608240192,4.139765444640389,COST,sell
220.5687065885154,34.667236388015745,2000-04-03,46.73228676223755,56.94505320286984,4.719835511382421,CSCO,sell
114.68803636917848,15.454831085491179,2000-04-03,17.180599738311766,11.520262449168982,6.675438466413407,CVX,sell
98.26062440920845,129.3672576507568,2000-04-03,139.06904160919188,6.854892638995963,0.706560017040585,GE,sell
151.8340863425352,60.516578951644895,2000-04-03,72.29232409744263,24.732356132371095,2.1002795004609123,GS,sell
83.68635274886566,37.13886354064941,2000-04-03,38.71576938171387,3.408572283969548,2.1615572694363703,HD,sell
-383.83608618639386,,2000-04-03,28.340957452774045,,13.543511605985758,HON,buy
-383.83608618639386,,2000-04-03,59.28150785331726,,6.474803021814758,IBM,buy
-383.83608618639386,,2000-04-03,37.13859632492065,,10.3352340736915,INTC,buy
-31.488239629260658,,2000-04-03,18.131283865928648,,1.7366800863137826,JNJ,buy
187.71873607262378,22.70750209827423,2000-04-03,28.9450944190979,40.45289780878235,6.485338529376758,JPM,sell
9.46542035070907,13.364889153766631,2000-04-03,11.718001293754577,-1.3303024530132195,0.8077674778679125,KO,sell
-383.83608618639386,,2000-04-03,32.519054788208,,11.803420753962989,LLY,buy
102.47020398787991,9.627382837963104,2000-04-03,10.439849614334106,7.974601108602471,9.815295025628188,LOW,sell
-383.8360861863939,,2000-04-03,20.064979034996032,,19.1296529897655,MCD,buy
-64.18671179824418,,2000-07-03,0.797836856997013,,80.45092331261463,AAPL,buy
90.69107586001492,7.9912352458953855,2000-07-03,10.203923264694213,19.666068801375303,8.887863374454014,ABT,sell
71.54152594812089,42.03507260818481,2000-07-03,45.68616744689941,5.717373785983398,1.5659340659571175,AMGN,sell
-147.75105202298053,,2000-07-03,1.851295023858547,,79.80956580060997,AMZN,buy
17.307954381653786,32.08497428894043,2000-07-03,32.11757000656128,0.017565625092547776,0.5388936453821991,AXP,sell
60.59278641494301,25.958448654365537,2000-07-03,27.08075019721985,2.5111334502953966,2.237485519184899,BA,sell
-57.106832293417945,,2000-07-03,11.60063929567337,,4.922731483834411,BAC,buy
172.92348613348872,9.79524585008621,2000-07-03,17.20963404178619,74.5002392580024,10.048062946232236,BLK,sell
-10.51388243191647,,2000-07-03,20.494793626022336,,0.5130026007467059,BMY,buy
16.32999925414834,204.8203063934326,2000-07-03,242.24376273193357,2.5227688308806666,0.06741143330166599,C,sell
-38.51319649709718,,2000-07-03,9.393402065467834,,4.100026404563259,CAT,buy
52.63572495266821,7.406868803405761,2000-07-03,8.45765562543869,6.539510308513513,6.223441492977322,COP,sell
-121.23318677107478,,2000-07-03,22.75549022579193,,5.327645573359897,COST,buy
-31.092487215394318,,2000-07-03,41.46432653312683,,0.7498611412524401,CSCO,buy
-11.403544974271433,,2000-07-03,16.12641006145477,,0.707134751678435,CVX,buy
0.7310433036488635,129.3672576507568,2000-07-03,134.75013702850342,0.02920307177586645,0.005425176699406453,GE,sell
-25.334015946286442,,2000-07-03,65.22915355300903,,0.38838486422636986,GS,buy
-90.47116047723246,,2000-07-03,28.353839159584044,,3.1907904946498853,HD,buy
-26.25931203496308,,2000-07-03,53.271791757202145,,0.4929308958603391,IBM,buy
31.073935111631634,37.13859632492065,2000-07-03,38.870751150512696,1.3847138287945562,0.7994168929565895,INTC,sell
167.4358410314823,23.051595792198178,2000-07-03,25.41826614589691,15.58979038307811,6.587225110887836,JNJ,sell
-71.51116608449263,,2000-07-03,22.629975180625912,,3.1600196426956373,JPM,buy
83.08443070041098,13.364889153766631,2000-07-03,13.871749838733672,3.0358269104102646,5.989470086060578,KO,sell
210.27088489609991,32.519054788208,2000-07-03,49.21753393821716,71.34051030876759,4.27227591614105,LLY,sell
-109.32670267126068,,2000-07-03,7.132151947402954,,15.328711934000516,LOW,buy
-47.166163633438465,,2000-07-03,16.937970951271055,,2.7846407204930905,MCD,buy
-208.63995059011123,,2000-10-02,0.36290833549201484,,574.9108802013228,AAPL,buy
25.81595003567142,7.9912352458953855,2000-10-02,11.087651183795929,7.2095449087829415,2.3283515694830115,ABT,sell
-21.196236023585147,,2000-10-02,43.91350756454467,,0.4826814617901025,AMGN,buy
-17.580852794980633,,2000-10-02,1.7950056727170942,,9.794316008131915,AMZN,buy
69.59042238394223,32.08497428894043,2000-10-02,38.69216531066894,11.883470730615677,1.7985662426794562,AXP,sell
144.14895431512232,25.958448654365537,2000-10-02,38.07153682250976,45.86337034685968,3.78626570782124,BA,sell
64.46293573582426,12.238668382549285,2000-10-02,13.79553503036499,7.274831635488702,4.672739085068944,BAC,sell
41.23500756721738,9.79524585008621,2000-10-02,19.415997136116026,20.43221109380087,2.123764609056078,BLK,sell
-9.554564282398953,,2000-10-02,20.314810471916196,,0.47032505154835036,BMY,buy
62.517750057060155,204.8203063934326,2000-10-02,287.2097620422363,17.93394263121074,0.21767278943626733,C,sell
-20.944749855694933,,2000-10-02,9.022663146018981,,2.321348976098733,CAT,buy
87.4152649763012,7.406868803405761,2000-10-02,10.59569099521637,26.30802813948442,8.250076848764891,COP,sell
-19.866543652650694,,2000-10-02,21.923475880622863,,0.9061767285820679,COST,buy
-58.705818650162456,,2000-10-02,35.60958410758972,,1.6485960204643355,CSCO,buy
-0.04912713251279319,,2000-10-02,16.397761907958984,,0.0029959657170621767,CVX,buy
42.12176138883628,129.3672576507568,2000-10-02,152.34816134490967,6.353841971964677,0.2764835559352399,GE,sell
74.04526625261576,60.516578951644895,2000-10-02,79.25474740219116,17.506492891411355,0.9342691596360906,GS,sell
15.475056610836548,37.13886354064941,2000-10-02,29.976451659965512,-3.697526664629896,0.5162404405423331,HD,sell
-121.13619226642015,,2000-10-02,18.927317613220215,,6.400071829608324,HON,buy
22.298639679782802,59.28150785331726,2000-10-02,57.29970204734802,-0.7712356609828994,0.3891580389258733,IBM,sell
-159.78428162459824,,2000-10-02,22.829113885116577,,6.999145145478883,INTC,buy
-34.08543458185761,,2000-10-02,23.548141785430907,,1.4474787391906254,JNJ,buy
-6.782596484713809,,2000-10-02,22.600239796066283,,0.30011170438529433,JPM,buy
-12.710814815463603,,2000-10-02,13.651073381900787,,0.9311220048319555,KO,buy
-72.45568440592399,,2000-10-02,40.50152535820007,,1.7889618666239784,LLY,buy
24.334410918781735,9.627382837963104,2000-10-02,7.71053455209732,-6.049564208817731,3.1559953145093687,LOW,sell
-34.13354995432185,,2000-10-02,15.66762737674713,,2.178603634969047,MCD,buy
-129.8835626773968,,2001-01-02,0.22260859596729277,,583.4615779908167,AAPL,buy
18.972155837854515,7.9912352458953855,2001-01-02,11.17429379196167,5.404322089725786,1.6978393615802645,ABT,sell
-0.45670493820253016,,2001-01-02,41.99333732872009,,0.010875652359503718,AMGN,buy
-49.454275997484494,,2001-01-02,32.022774102020264,,1.5443470275226563,AXP,buy
39.867280144201075,25.958448654365537,2001-01-02,40.479422723007204,14.30138332561205,0.984877685064955,BA,sell
-24.194202423331085,,2001-01-02,12.342052239322662,,1.960306272748273,BAC,buy
95.98564117256555,9.79524585008621,2001-01-02,23.534537766838074,56.035718948545785,4.078501227579515,BLK,sell
113.97210418697289,22.689825777816772,2001-01-02,25.5575385515213,12.788369989703511,4.459431958097888,BMY,sell
-16.24791189682295,,2001-01-02,263.00416456298825,,0.06177815444033263,C,buy
154.53113423098827,12.506417588424682,2001-01-02,12.320639873600006,-2.330109578822544,12.542460117035734,CAT,sell
-20.033269025982563,,2001-01-02,9.596299922657012,,2.087603470863151,COP,buy
110.44314492408033,29.619577080154418,2001-01-02,27.376401479530333,-9.049522748091178,4.034246246960544,COST,sell
-134.85731921394972,,2001-01-02,21.373778770256042,,6.309474831919683,CSCO,buy
15.67056784313601,15.454831085491179,2001-01-02,16.359357612419128,0.8664425976836725,0.9578962826290791,CVX,sell
-78.20840509643462,,2001-01-02,114.46656041107177,,0.6832423793951086,GE,buy
-33.03421496593384,,2001-01-02,69.04591796264648,,0.4784383485755841,GS,buy
-33.883517471494734,,2001-01-02,26.047635721206664,,1.3008289057078795,HD,buy
104.10456446805814,28.340957452774045,2001-01-02,23.317196954727173,-22.429642793533787,4.464711803489427,HON,sell
-89.3394857193261,,2001-01-02,41.360024599456786,,2.160044308109514,IBM,buy
-69.08196891168687,,2001-01-02,17.680571096229553,,3.907224972298483,INTC,buy
53.08038025605241,23.051595792198178,2001-01-02,25.826717212486265,5.703570416390036,2.055250762973081,JNJ,sell
-9.355370670465678,,2001-01-02,21.07924023323059,,0.44381915889536216,JPM,buy
42.37356095722765,13.364889153766631,2001-01-02,14.584784719848633,3.5441948663445118,2.905326459811292,KO,sell
66.77732909174989,32.519054788208,2001-01-02,45.89016425857544,19.457044703379708,1.4551555909776743,LLY,sell
17.396900489998757,9.627382837963104,2001-01-02,7.738565339469909,-4.246209552235342,2.2480782582874,LOW,sell
61.8782179230641,20.064979034996032,2001-01-02,17.54882820224762,-8.872098339658052,3.526059814930484,MCD,sell
124.15092344756347,0.8375882982611655,2001-04-02,0.32264874233901497,-198.14185830682766,384.78663374771514,AAPL,sell
25.95738922682765,0.797836856997013,2001-04-02,0.32264874233901497,-38.229322571416525,80.45092331261463,AAPL,sell
38.65770365267015,0.36290833549201484,2001-04-02,0.32264874233901497,-4.8236463282117725,119.81358852485948,AAPL,sell
14.423868282268803,7.9912352458953855,2001-04-02,10.821027533912659,3.7719663036272486,1.3329481176408606,ABT,sell
-7.9013959286792605,,2001-04-02,38.06950339393615,,0.20755185185677583,AMGN,buy
-239.8085135959861,,2001-04-02,0.45531851312220095,,526.6829849539304,AMZN,buy
-59.126663521526154,,2001-04-02,24.492008817291257,,2.4141206204279566,AXP,buy
-13.855564371273713,,2001-04-02,36.08067016792297,,0.3840162698416787,BA,buy
86.47379482569167,12.238668382549285,2001-04-02,14.395499473285675,12.956088780394495,6.007002048533618,BAC,sell
-14.790419400398106,,2001-04-02,20.91616610870361,,0.7071286068168838,BLK,buy
-39.970924681856964,,2001-04-02,20.93102712059021,,1.9096494620914655,BMY,buy
-5.008330377082047,,2001-04-02,240.5344214767456,,0.02082167843726368,C,buy
13.877795687796764,12.506417588424682,2001-04-02,11.912491863155365,-0.6919106399986141,1.164978398073032,CAT,sell
5.173671163641958,7.406868803405761,2001-04-02,9.034318100452422,0.9319892663507208,0.5726686957572227,COP,sell
-18.005653431466786,,2001-04-02,24.086718904113766,,0.7475345024428215,COST,buy
-172.13607832406814,,2001-04-02,9.664314914703368,,17.811513784818715,CSCO,buy
32.52906812775953,15.454831085491179,2001-04-02,16.662812113952636,2.3582152222049295,1.9521955781114073,CVX,sell
10.98971227268381,129.3672576507568,2001-04-02,109.6050998222351,-1.9814810512928442,0.10026643185862394,GE,sell
-31.80726279430074,,2001-04-02,58.02743389930725,,0.5481418125346478,GS,buy
2.296539532301529,37.13886354064941,2001-04-02,24.31487493724823,-1.211225509713771,0.09444998332207888,HD,sell
-3.613533687971598,,2001-04-02,21.445079561424254,,0.16850176179675636,HON,buy
68.19993717675881,59.28150785331726,2001-04-02,46.150266483306886,-19.405084839791655,1.4777799214101517,IBM,sell
-35.22981198756817,,2001-04-02,14.691644831657408,,2.3979487927488776,INTC,buy
-25.108489405533916,,2001-04-02,22.214992971229552,,1.1302497118973527,JNJ,buy
33.43629713426626,22.70750209827423,2001-04-02,21.493119173812865,-1.8891845324405807,1.5556744865121725,JPM,sell
-62.07439454899641,,2001-04-02,11.051405995464323,,5.61687757869657,KO,buy
-36.44662991254419,,2001-04-02,38.03107395477295,,0.9583381725135345,LLY,buy
128.51085837896548,9.627382837963104,2001-04-02,9.94005475730896,4.042405975338198,12.92858656381857,LOW,sell
-48.14173629334032,,2001-04-02,13.974799511241912,,3.444896383279996,MCD,buy
0.28404012642291865,0.36290833549201484,2001-07-02,0.35717019061446187,-0.004563268266170872,0.7952514904288819,AAPL,sell
-12.584619440086312,,2001-07-02,11.58001405878067,,1.0867533818358268,ABT,buy
-8.125890594088022,,2001-07-02,41.18854844894409,,0.1972851896968546,AMGN,buy
72.72531179984087,4.471878125,2001-07-02,0.7259914247453213,-375.23966393744126,100.17378900219516,AMZN,sell
14.8945233825304,3.1803495920658107,2001-07-02,0.7259914247453213,-50.353893815045474,20.51611475680366,AMZN,sell
57.9410603838903,1.851295023858547,2001-07-02,0.7259914247453213,-89.80999163909023,79.80956580060997,AMZN,sell
7.110589433149597,1.7950056727170942,2001-07-02,0.7259914247453213,-10.470263361831035,9.794316008131915,AMZN,sell
11.709101318842944,0.45531851312220095,2001-07-02,0.7259914247453213,4.365528900803676,16.128429234478233,AMZN,sell
-36.60393019077905,,2001-07-02,24.420072434425354,,1.4989279941355917,AXP,buy
-26.539372976939568,,2001-07-02,37.05687793769836,,0.7161794099750853,BA,buy
8.257122137307874,12.238668382549285,2001-07-02,16.278254832458497,2.0490746117700773,0.5072486100195057,BAC,sell
-32.68808994822963,,2001-07-02,21.098815694046017,,1.549285534422392,BLK,buy
-61.62053270797106,,2001-07-02,19.30910017700195,,3.1912689945730364,BMY,buy
19.40730989836889,204.8203063934326,2001-07-02,279.6055001312256,5.190811446833978,0.06940961422168224,C,sell
23.903265508218418,12.506417588424682,2001-07-02,14.026723030471802,2.590787923586692,1.7041232978145153,CAT,sell
-14.451242822193187,,2001-07-02,9.617659048461913,,1.5025738331308673,COP,buy
21.40224538779419,29.619577080154418,2001-07-02,28.142430206680295,-1.1233663769521165,0.7604974137135407,COST,sell
56.92181432714281,34.667236388015745,2001-07-02,12.314573985671997,-103.3210000170449,4.622312910976159,CSCO,sell
-19.937417645482,,2001-07-02,17.46591288394928,,1.1415044709059536,CVX,buy
31.7701155752859,129.3672576507568,2001-07-02,131.63101457061768,0.5463744180118688,0.2413573706692187,GE,sell
-33.4491962070153,,2001-07-02,58.402539887237545,,0.5727353000674,GS,buy
5.2850558597068735,37.13886354064941,2001-07-02,27.279303434371947,-1.9101780233932697,0.1937386661071301,HD,sell
-88.42246101670283,,2001-07-02,18.070448387908936,,4.893207911535107,HON,buy
34.62215972749689,59.28150785331726,2001-07-02,55.817284808349605,-2.148776745525325,0.6202766731913449,IBM,sell
20.05232801780557,37.13859632492065,2001-07-02,17.106314768600463,-23.482198600115737,1.1722178791315514,INTC,sell
23.63400896019117,23.051595792198178,2001-07-02,26.103293111801147,2.763016968256821,0.9054033473464838,JNJ,sell
-23.750423478786704,,2001-07-02,22.284455699920652,,1.0657843206316802,JPM,buy
-36.134285005217826,,2001-07-02,11.034413938140869,,3.2746900023678016,KO,buy
-33.21562649911209,,2001-07-02,38.30338968658447,,0.8671719858450455,LLY,buy
62.14192582861447,9.627382837963104,2001-07-02,12.83852375164032,15.54279014808565,4.8402703481134175,LOW,sell
-26.04523093247131,,2001-07-02,14.373484424209593,,1.8120331969472012,MCD,buy
-76.30930160383053,,2001-10-01,0.2325605477377772,,328.1265990561426,AAPL,buy
80.85428894581166,7.9912352458953855,2001-10-01,12.418759541988372,28.826093905799766,6.5106574189185125,ABT,sell
34.45765944189986,42.03507260818481,2001-10-01,39.023346590423586,-2.659357500563331,0.8830011378459233,AMGN,sell
-164.12313512323493,,2001-10-01,0.30071035548746583,,545.784779699999,AMZN,buy
-41.08115866279564,,2001-10-01,18.195833642578123,,2.2577233596303063,AXP,buy
47.25099543613625,12.238668382549285,2001-10-01,16.0059922416687,11.12144750453411,2.9520816156043637,BAC,sell
98.37258517004888,9.79524585008621,2001-10-01,23.6228033454895,57.58218266969709,4.164306146536667,BLK,sell
100.89187374695231,22.689825777816772,2001-10-01,21.75004598007202,-4.359353759108046,4.6386970326128125,BMY,sell
-26.968233362417937,,2001-10-01,219.27701324768066,,0.12298705168861646,C,buy
-1.4130095784216015,,2001-10-01,11.967356618404388,,0.11807198727984414,CAT,buy
33.15916384042671,7.406868803405761,2001-10-01,9.078431829643248,6.105419228420473,3.652521103055939,COP,sell
-8.629754302602567,,2001-10-01,23.462697647476194,,0.3678074206241515,COST,buy
-87.83870773454184,,2001-10-01,7.635214187049865,,11.504419598801253,CSCO,buy
28.759383442784447,15.454831085491179,2001-10-01,16.279629068183898,1.4570775137287093,1.7665871453416813,CVX,sell
-37.176597123386436,,2001-10-01,99.60465526046752,,0.3732415621154366,GE,buy
5.275267760016927,60.516578951644895,2001-10-01,50.74075892601013,-1.0163440457041268,0.10396509377617491,GS,sell
-23.11541533259694,,2001-10-01,21.67699800109863,,1.0663568512312178,HD,buy
-30.662557583133015,,2001-10-01,13.971835325336455,,2.1945976937997322,HON,buy
-16.320417813474155,,2001-10-01,45.377437482452386,,0.3596593090957443,IBM,buy
-70.41692998559232,,2001-10-01,11.410198463153838,,6.171402733526925,INTC,buy
85.39941201579684,23.051595792198178,2001-10-01,28.353271512794493,15.96852726617604,3.011977364843423,JNJ,sell
-40.04469496065273,,2001-10-01,16.66677370815277,,2.4026662665410967,JPM,buy
61.51786042321611,13.364889153766631,2001-10-01,11.258805477046966,-11.507593938645478,5.463977555046224,KO,sell
83.80681049441871,32.519054788208,2001-10-01,41.38240423736572,17.949876555520703,2.0251798328031025,LLY,sell
-12.191795226232358,,2001-10-01,10.580259811592102,,1.1523152969149777,LOW,buy
52.50318207360414,20.064979034996032,2001-10-01,14.316693439579009,-21.080516007481876,3.6672701203796976,MCD,sell
92.18285633121374,0.36290833549201484,2002-01-02,0.34820293321609497,-3.8930918036022177,264.7388851087162,AAPL,sell
-46.61100968758663,,2002-01-02,13.207343531799316,,3.5291737187997967,ABT,buy
-77.76437742056791,,2002-01-02,37.66877523498535,,2.064425427571196,AMGN,buy
195.0445971262427,0.45531851312220095,2002-01-02,0.5476163780808448,32.873742654594935,356.170131013591,AMZN,sell
5.906682523278787,32.08497428894043,2002-01-02,22.301747302436826,-2.5911160717051143,0.26485290337019407,AXP,sell
-130.99610924870066,,2002-01-02,25.25503187866211,,5.186931059048824,BA,buy
-41.40416581922285,,2002-01-02,17.285095635032654,,2.395368049645427,BAC,buy
-57.05247953591371,,2002-01-02,24.345250121688842,,2.3434747743703177,BLK,buy
-98.21166372722496,,2002-01-02,19.59304933643341,,5.012576758258843,BMY,buy
5.506231490200983,204.8203063934326,2002-01-02,268.48072456970215,1.3056021053404718,0.020508852168161784,C,sell
-8.107856000076533,,2002-01-02,14.160054449939727,,0.5725864987836289,CAT,buy
-21.928516734423066,,2002-01-02,10.3613156498909,,2.1163834280691916,COP,buy
16.57270876059917,29.619577080154418,2002-01-02,29.544909239959715,-0.041883640910160835,0.5609328032114735,COST,sell
44.105504682138346,34.667236388015745,2002-01-02,12.320985815048218,-79.99300332531054,3.5797058242101176,CSCO,sell
9.239028484627182,41.46432653312683,2002-01-02,12.320985815048218,-21.853458730767137,0.7498611412524401,CSCO,sell
20.31232818288602,35.60958410758972,2002-01-02,12.320985815048218,-38.393490467276436,1.6485960204643355,CSCO,sell
55.51602551848245,21.373778770256042,2002-01-02,12.320985815048218,-40.79016827541807,4.505810358995628,CSCO,sell
-41.716528152235384,,2002-01-02,17.564568931007383,,2.375038540148381,CVX,buy
-36.83437658612148,,2002-01-02,108.8469067489624,,0.3384053592912286,GE,buy
10.198042718207773,60.516578951644895,2002-01-02,62.96405392570495,0.3964079944194836,0.16196610736406925,GS,sell
40.16532947432897,37.13886354064941,2002-01-02,28.906295608520505,-11.439162177400732,1.3895010975563995,HD,sell
24.991755553254333,28.340957452774045,2002-01-02,17.964049428749085,-14.436452636341581,1.3912094626759561,HON,sell
32.80171576715251,59.28150785331726,2002-01-02,59.458940864181514,0.09788447465577832,0.5516700312923417,IBM,sell
140.10523001752162,37.13859632492065,2002-01-02,18.805392372894286,-136.58729930884542,7.450268903693097,INTC,sell
-46.49667982724461,,2002-01-02,30.16390697174072,,1.5414674190185433,JNJ,buy
-37.78338766040292,,2002-01-02,18.163479543876647,,2.0801844475410896,JPM,buy
-55.56641306796463,,2002-01-02,11.65587469549179,,4.767245232093682,KO,buy
-77.50825427914445,,2002-01-02,39.97935910263061,,1.9387067731669685,LLY,buy
88.86231373624317,9.627382837963104,2002-01-02,15.730769611930846,34.47772001889915,5.6489489025919255,LOW,sell
-73.46139098073331,,2002-01-02,14.013943752479552,,5.242021252421214,MCD,buy
8.94953004315624,0.36290833549201484,2002-04-01,0.3655389895588159,0.06440658391161591,24.48310658722835,AAPL,sell
-26.634910902216863,,2002-04-01,12.640450134944915,,2.107117279675336,ABT,buy
23.783360087650255,42.03507260818481,2002-04-01,40.94415836791992,-0.6336827336349415,0.5808730973032947,AMGN,sell
114.16450462163357,0.45531851312220095,2002-04-01,0.7394820095300674,43.870417915334485,154.38442470586114,AMZN,sell
10.033810410584117,0.30071035548746583,2002-04-01,0.7394820095300674,5.953561457160588,13.568701173623538,AMZN,sell
35.9177787353279,32.08497428894043,2002-04-01,24.98068928718567,-10.214695592752541,1.4378217639395814,AXP,sell
90.69768787847134,25.958448654365537,2002-04-01,31.85229867324829,16.782417335051193,2.8474456053824895,BA,sell
25.417005038987558,12.238668382549285,2002-04-01,18.86161595878601,8.9247651042193,1.3475518266582007,BAC,sell
23.07984432622382,9.79524585008621,2002-04-01,26.417516589546203,14.522160692685764,0.8736568499158945,BLK,sell
-89.06069302287497,,2002-04-01,15.566557799053191,,5.721283675720006,BMY,buy
-20.63861829253621,,2002-04-01,261.5155439117431,,0.07891927945782595,C,buy
32.08424571767551,12.506417588424682,2002-04-01,15.69742962398529,6.522164245320166,2.0439171562617844,CAT,sell
15.415555458559426,7.406868803405761,2002-04-01,11.036447084426879,5.069744352891934,1.3967860617310208,COP,sell
-51.6168576481984,,2002-04-01,26.391385852050778,,1.955822173854786,COST,buy
-44.297627352997125,,2002-04-01,11.241082400131225,,3.940690564858773,CSCO,buy
-5.912071166517179,,2002-04-01,17.758632445335387,,0.3329125249208076,CVX,buy
-42.74581138339731,,2002-04-01,99.60773205871581,,0.42914149835476545,GE,buy
-20.61031547206068,,2002-04-01,61.33522869300842,,0.33602736814137035,GS,buy
-26.308590017694332,,2002-04-01,27.728922730255125,,0.9487779339147906,HD,buy
50.979531493889006,28.340957452774045,2002-04-01,20.827604067993164,-18.390364741606156,2.44769063822525,HON,sell
-68.63144963298292,,2002-04-01,50.473981999206536,,1.3597391549979516,IBM,buy
-31.233363757770967,,2002-04-01,17.797895979309082,,1.7548907912531497,INTC,buy
29.775582613080793,23.051595792198178,2002-04-01,33.25747280960083,9.137373005169799,0.8953050276413403,JNJ,sell
-17.970760818097787,,2002-04-01,17.793717870521544,,1.0099497445595418,JPM,buy
30.637033983636446,13.364889153766631,2002-04-01,12.87743501701355,-1.1597145653181293,2.3791254968989612,KO,sell
-12.407394547548636,,2002-04-01,39.744758962249755,,0.31217687241060865,LLY,buy
-28.090761596935547,,2002-04-01,15.01692749261856,,1.8706064613246163,LOW,buy
0.8603307391488503,20.064979034996032,2002-04-01,14.395834931659698,-0.338802088237225,0.05976247596843365,MCD,sell
-56.71293531375216,,2002-07-01,0.25530792784690853,,222.1354260011824,AAPL,buy
-54.28313048703307,,2002-07-01,8.894205864810942,,6.103201490062084,ABT,buy
-85.32876536620986,,2002-07-01,25.620109642028808,,3.3305386494611753,AMGN,buy
29.193033925088457,0.30071035548746583,2002-07-01,0.6770257595300674,16.226544119051567,43.11953203280143,AMZN,sell
33.00295402612302,32.08497428894043,2002-07-01,23.112660741233825,-12.81171626400615,1.4279166901474287,AXP,sell
36.54045284548566,25.958448654365537,2002-07-01,29.75671880092621,4.664173900130951,1.2279731878350884,BA,sell
72.03691155473469,12.238668382549285,2002-07-01,19.32187247200012,26.408007156414364,3.7282572721212937,BAC,sell
53.22973195746935,9.79524585008621,2002-07-01,25.799741403579713,33.02029253319438,2.0631885849089837,BLK,sell
-78.1490550388471,,2002-07-01,10.010461398029326,,7.806738563941881,BMY,buy
-23.569058277003215,,2002-07-01,204.39063877105713,,0.11531378549779614,C,buy
2.8521664746955446,12.506417588424682,2002-07-01,13.321019630241393,0.17441462428398635,0.21411022233017007,CAT,sell
35.3978852909543,7.406868803405761,2002-07-01,10.2783130651474,9.88907945810287,3.4439392015587202,COP,sell
43.77248067197312,29.619577080154418,2002-07-01,25.10487178401947,-7.871772937733816,1.7435851116290717,COST,sell
-37.13291677126178,,2002-07-01,8.39873159751892,,4.4212529404120104,CSCO,buy
60.65771310777785,15.454831085491179,2002-07-01,17.653782835006712,7.5555129235795135,3.4359612143577607,CVX,sell
-29.105123521327275,,2002-07-01,76.45045817184447,,0.3807056781256315,GE,buy
-14.187614696705722,,2002-07-01,49.39730111541748,,0.2872143695372378,GS,buy
-40.670738233884926,,2002-07-01,20.468646566963194,,1.986977404726325,HD,buy
21.30046718010103,28.340957452774045,2002-07-01,18.650837551116943,-11.066745950190857,1.1420649137992953,HON,sell
-72.0715425979531,,2002-07-01,33.23688785247803,,2.1684203081179785,IBM,buy
-22.502720245780214,,2002-07-01,26.11930488834381,,0.8615359536548173,JNJ,buy
18.83171246806878,22.70750209827423,2002-07-01,15.800280970859527,-8.232436022165725,1.1918593411598266,JPM,sell
94.48628514294133,13.364889153766631,2002-07-01,13.92621131515503,3.8084475811650975,6.784780368808406,KO,sell
-57.66736990564327,,2002-07-01,27.624338311386108,,2.0875566051793584,LLY,buy
72.89993715909569,9.627382837963104,2002-07-01,15.39472895078659,27.31059251147807,4.7353829607614415,LOW,sell
74.70933476896397,20.064979034996032,2002-07-01,14.844870743465423,-26.27108208765476,5.032669941019886,MCD,sell
-18.47030034956806,,2002-10-01,0.21714619649499653,,85.05928562277927,AAPL,buy
75.37784431942517,7.9912352458953855,2002-10-01,10.070725324058532,15.564666330548,7.484847604705365,ABT,sell
84.5702934022182,42.03507260818481,2002-10-01,29.719359030532836,-35.04596144384061,2.845629790175927,AMGN,sell
114.13901268829942,0.30071035548746583,2002-10-01,0.8469067762076854,73.61178579069579,134.77163708548403,AMZN,sell
-7.500715468727297,,2002-10-01,20.451142028045652,,0.3667626706831921,AXP,buy
-31.617647380834686,,2002-10-01,24.162867752075194,,1.3085221384005319,BA,buy
19.0802854387894,12.238668382549285,2002-10-01,18.62337952079773,6.541353615542926,1.0245339959635906,BAC,sell
11.643531453373315,9.79524585008621,2002-10-01,24.287643722534177,6.947676455995121,0.4794014432355329,BLK,sell
17.2914828615445,22.689825777816772,2002-10-01,9.581079035854339,-23.658052373508966,1.8047531803919235,BMY,sell
-12.562597798315451,,2002-10-01,177.48111398620605,,0.07078273015173786,C,buy
-31.180027504405786,,2002-10-01,10.834457362651824,,2.87785778841943,CAT,buy
-28.087706751458295,,2002-10-01,8.455701990890502,,3.3217474766397572,COP,buy
-9.027329961033653,,2002-10-01,22.098200610923765,,0.40850972981805533,COST,buy
-23.369332271752764,,2002-10-01,7.01926093673706,,3.329315220273905,CSCO,buy
-28.158298962052932,,2002-10-01,14.519546450233458,,1.9393373655690311,CVX,buy
6.996945197880969,129.3672576507568,2002-10-01,70.79779604873657,-5.788419074749468,0.0988299860784414,GE,sell
19.08241481754001,60.516578951644895,2002-10-01,47.5452777557373,-5.206063815952632,0.401352473227214,GS,sell
-54.065260036392544,,2002-10-01,15.211928170680999,,3.5541359011013647,HD,buy
-77.55303629809494,,2002-10-01,12.557443386173247,,6.175861910194797,HON,buy
0.2173287519018862,59.28150785331726,2002-10-01,30.099845067214964,-0.2106992357456721,0.007220261480302526,IBM,sell
-114.65637638504815,,2002-10-01,8.392552233791351,,13.66168159471221,INTC,buy
70.4386670949376,23.051595792198178,2002-10-01,29.1852959569931,14.803675953974,2.4134984685005314,JNJ,sell
-89.48565484945502,,2002-10-01,10.068810815429687,,8.887410488667147,JPM,buy
-4.759059715208419,,2002-10-01,12.437854804134368,,0.3826270518631958,KO,buy
55.99016637165529,32.519054788208,2002-10-01,29.663327952003478,-5.390245522343456,1.8875214022597113,LLY,sell
15.094763164401426,9.627382837963104,2002-10-01,14.652911359977722,5.177071023779831,1.030154540184455,LOW,sell
-84.78682409414134,,2002-10-01,9.670623114585876,,8.767462353719505,MCD,buy
